Restaurant,Location,Cuisines,URL,Total_Items,Prices_List,Min_Price,Max_Price,Avg_Price,City
Burger King,"inSemouha,Egypt","Burgers, Fast Food",https://www.talabat.com/egypt/restaurant/679502/burger-king-semouha?aid=7177,83,"[275.0, 110.0, 299.0, 110.0, 70.0, 205.0, 219.0, 219.0, 299.0, 219.0, 375.0, 275.0, 299.0, 219.0, 219.0, 299.0, 219.0, 310.0, 310.0, 375.0, 260.0, 300.0, 299.0, 400.0, 309.0, 360.0, 219.0, 205.0, 429.0, 460.0, 299.0, 380.0, 309.0, 309.0, 275.0, 259.0, 159.0, 470.0, 360.0, 110.0, 100.0, 60.0, 80.0, 90.0, 150.0, 110.0, 130.0, 60.0, 25.0, 60.0, 60.0, 55.0, 25.0, 25.0, 60.0, 70.0, 70.0, 340.0, 369.0, 400.0, 410.0, 300.0, 250.0, 250.0, 249.0, 249.0, 320.0, 199.0, 215.0, 239.0, 99.0, 60.0, 70.0, 249.0, 239.0, 159.0, 145.0, 140.0, 120.0, 140.0, 140.0]",25.0,470.0,218.23456790123456,alexandria
AVE Cafe,"inBab Sharq,Egypt",coffee & tea,https://www.talabat.com/egypt/restaurant/778718/ave-cafe-el-hadara?aid=7177,47,"[220.0, 285.0, 285.0, 285.0, 285.0, 285.0, 285.0, 285.0, 285.0, 285.0, 285.0, 285.0, 285.0, 205.0, 250.0, 160.0, 160.0, 150.0, 185.0, 170.0, 160.0, 160.0, 150.0, 140.0, 150.0, 185.0, 220.0, 220.0, 180.0, 180.0, 185.0, 220.0, 250.0, 285.0, 285.0, 250.0, 70.0, 115.0]",70.0,285.0,219.07894736842104,alexandria
Papa John's Pizza,"inAnwar El Sadat,Egypt","Pizza, Fast Food, Pizza",https://www.talabat.com/egypt/restaurant/502903/papa-johns-pizza--raml-station?aid=7177,72,"[200.0, 520.0, 300.0, 460.0, 460.0, 420.0, 625.01, 170.0, 120.0, 200.0, 130.01, 200.0, 170.0, 165.0, 86.0, 111.0, 56.0, 188.0, 165.0, 165.0, 95.0, 135.0, 218.0, 218.0, 218.0, 188.0, 188.0, 165.0, 135.0, 135.0, 10.0, 2.0, 110.0, 79.0, 95.0, 25.0, 60.0, 35.0, 20.0]",2.0,625.01,180.5646153846154,alexandria
Buffalo Burger,"inMostafa Kamel,Egypt","Burgers, Sandwiches",https://www.talabat.com/egypt/restaurant/503415/buffalo-burger-mostafa-kamel--tgo?aid=7177,82,"[326.0, 189.0, 525.0, 189.0, 265.0, 525.0, 950.0, 189.0, 299.0, 225.0, 162.0, 162.0, 167.0, 183.0, 183.0, 224.0, 224.0, 250.0, 250.0, 255.0, 271.0, 271.0, 312.0, 312.0, 227.0, 252.0, 226.0, 221.0, 274.0, 281.0, 222.0, 252.0, 227.0, 287.0, 276.0, 216.0, 238.0, 315.0, 340.0, 314.0, 309.0, 362.0, 369.0, 310.0, 340.0, 315.0, 375.0, 364.0, 304.0, 326.0, 305.0, 210.0, 225.0, 210.0, 270.0, 298.0, 313.0, 298.0, 358.0, 260.0, 138.0, 63.0, 68.0, 112.0, 87.0, 106.0, 149.0, 113.0, 49.0, 113.0, 15.0, 30.0, 15.0, 15.0, 15.0, 3.0, 15.0, 10.0, 110.0, 110.0, 16.0, 42.0]",3.0,950.0,226.71951219512195,alexandria
Pastaweesy,"inMostafa Kamel,Egypt","Pasta, Sandwiches, Sandwiches, Burgers",https://www.talabat.com/egypt/restaurant/502291/pastaweesy-mostafa-kamel?aid=7177,79,"[55.0, 32.0, 741.0, 213.0, 281.0, 271.0, 321.0, 147.0, 211.0, 789.0, 284.0, 259.0, 741.0, 213.0, 281.0, 271.0, 321.0, 147.0, 211.0, 789.0, 284.0, 259.0, 290.0, 620.0, 347.0, 420.0, 125.0, 140.0, 125.0, 135.0, 165.0, 15.0, 23.0, 118.0, 66.0, 15.0, 55.0, 108.0, 108.0, 69.0, 83.0, 79.0, 108.0, 15.0, 95.0, 84.0, 95.0, 95.0, 15.0, 23.0, 23.0, 32.0, 32.0, 32.0, 32.0]",15.0,789.0,198.3272727272727,alexandria
Sultan Ayub,"inAzarita,Egypt","Shawerma, Sandwiches, Grills, Chicken",https://www.talabat.com/egypt/restaurant/503672/sultan-ayub--azarita?aid=7177,113,"[45.98, 38.53, 274.85, 249.0, 249.0, 205.45, 230.0, 131.68, 136.85, 137.94, 243.22, 302.45, 159.45, 140.0, 217.5, 250.12, 159.45, 158.13, 498.18, 485.07, 485.07, 458.85, 319.0, 196.65, 546.25, 274.85, 723.35, 1540.0, 1625.0, 486.45, 423.0, 486.45, 741.0, 663.55, 626.75, 33.35, 38.53, 45.98, 38.53, 16.1, 40.83, 45.98, 52.32, 72.45, 71.3, 65.55, 131.1, 91.77, 68.4, 9.2, 9.2, 9.2, 20.13, 40.82, 35.65, 30.48, 9.2, 20.13, 59.23, 136.85, 45.98, 72.45, 72.45, 97.75, 59.23, 59.23, 45.6, 53.76, 14.95, 26.45, 30.0]",9.2,1625.0,220.83380281690145,alexandria
Osha Sushi,"inSidi Gaber,Egypt","Sushi, Chinese, Asian, Seafood",https://www.talabat.com/egypt/restaurant/734512/osha-sushi-sidi-gaber?aid=7177,175,"[550.0, 350.0, 280.0, 590.0, 185.0, 150.0, 550.0, 900.0, 1400.0, 350.0, 590.0, 899.0, 1249.0, 550.0, 900.0, 1400.0, 205.0, 185.0, 285.0, 265.0, 270.0, 250.0, 300.0, 230.0, 260.0, 270.0, 280.0, 275.0, 310.0, 295.0, 285.0, 205.0, 195.0, 170.0, 215.0, 230.0, 70.0, 60.0, 65.0, 50.0, 75.0, 150.0, 160.0, 135.0, 145.0, 145.0, 150.0, 115.0, 150.0, 280.0, 590.0, 799.0, 359.0, 439.0, 749.0, 1099.0, 1349.0, 1649.0, 1999.0, 170.0, 170.0, 170.0, 170.0, 170.0, 170.0, 155.0, 170.0, 160.0, 160.0, 160.0, 160.0, 160.0, 160.0, 160.0, 170.0, 170.0, 185.0, 150.0, 115.0, 150.0, 260.0, 260.0, 250.0, 185.0, 205.0, 250.0, 155.0, 175.0, 185.0, 195.0, 95.0, 120.0, 125.0, 230.0, 230.0, 95.0, 115.0, 115.0, 115.0, 125.0, 140.0, 40.0, 35.0, 47.0, 47.0, 47.0, 47.0, 52.0, 200.0, 239.0, 239.0, 250.0, 180.0, 250.0, 250.0, 240.0, 265.0, 40.0, 40.0, 40.0, 40.0, 40.0, 40.0, 40.0, 30.0, 30.0, 30.0, 66.0, 66.0, 66.0, 78.0, 48.0, 52.0, 58.0, 58.0, 58.0, 58.0, 64.0, 72.0, 58.0, 58.0, 60.0, 66.0, 70.0, 70.0, 76.0, 12.0, 48.0, 99.0]",12.0,1999.0,253.98657718120805,alexandria
Hadarmawot El Sultan,"inSemouha,Egypt","Grills, Mandi, Chicken, Arabic, Indian, Sandwiches",https://www.talabat.com/egypt/restaurant/626025/hadarmawot--semouhasemouha?aid=7177,127,"[330.0, 220.0, 87.0, 243.0, 400.0, 350.0, 350.0, 450.0, 455.0, 450.0, 290.0, 350.0, 450.0, 340.0, 375.0, 410.0, 220.0, 330.0, 240.0, 87.0, 243.0, 400.0, 350.0, 350.0, 450.0, 455.0, 450.0, 290.0, 350.0, 450.0, 340.0, 375.0, 410.0, 260.0, 290.0, 620.0, 520.0, 590.0, 800.0, 950.0, 1400.0, 1750.0, 2500.0, 2300.0, 3350.0, 4000.0, 220.0, 330.0, 520.0, 590.0, 190.0, 240.0, 275.0, 530.0, 600.0, 580.0, 650.0, 500.0, 190.0, 420.0, 440.0, 250.0, 520.0, 45.0, 45.0, 45.0, 75.0, 75.0, 85.0, 300.0, 90.0, 310.0, 87.0, 95.0, 90.0, 90.0, 190.0, 420.0, 400.0, 105.0, 105.0, 105.0, 105.0, 105.0, 125.0, 90.0, 70.0, 55.0, 60.0, 270.0, 45.0, 45.0, 25.0, 45.0, 45.0, 45.0, 45.0, 45.0, 35.0, 45.0, 45.0, 25.0, 35.0, 35.0, 50.0, 20.0, 30.0]",20.0,4000.0,392.6355140186916,alexandria
KFC,"inSemouha,Egypt","Fried chicken, Sandwiches, Fast Food, Chicken",https://www.talabat.com/egypt/restaurant/737012/kfc-semoha-kfctgo?aid=7177,117,"[109.0, 65.0, 40.0, 299.0, 110.0, 334.0, 288.0, 288.0, 375.0, 375.0, 299.0, 430.0, 630.0, 334.0, 240.0, 340.0, 510.0, 340.0, 255.0, 189.0, 210.0, 200.0, 240.0, 360.0, 446.0, 445.0, 535.0, 189.0, 255.0, 210.0, 180.0, 180.0, 288.0, 260.0, 288.0, 260.0, 375.0, 375.0, 299.0, 430.0, 630.0, 334.0, 240.0, 340.0, 510.0, 340.0, 255.0, 189.0, 210.0, 200.0, 240.0, 360.0, 294.0, 446.0, 445.0, 535.0, 399.0, 205.0, 350.0, 189.0, 695.0, 920.0, 545.0, 770.0, 725.0, 840.0, 950.0, 1055.0, 810.0, 660.0, 1025.0, 875.0, 629.0, 685.0, 255.0, 325.0, 149.0, 210.0, 215.0, 245.0, 250.0, 255.0, 285.0, 255.0, 155.0, 170.0, 155.0, 110.0, 110.0, 110.0, 205.0, 210.0, 210.0, 125.0, 125.0, 65.0, 40.0, 30.0, 60.0, 3.0, 90.0, 130.0, 110.0, 180.0, 109.0, 90.0, 90.0, 125.0, 65.0, 40.0, 7.0, 84.0, 84.0, 35.0, 35.0, 35.0, 34.0]",3.0,1055.0,302.9059829059829,alexandria
Harest El Halaby,"inManshia,Egypt","Arabic sweets, Desserts",https://www.talabat.com/egypt/restaurant/641112/harest-el-halaby-manshia?aid=7177,52,"[18.0, 210.0, 225.0, 225.0, 55.0, 75.0, 440.0, 500.0, 100.0, 18.0, 90.0, 60.0, 60.0, 35.0, 80.0, 100.0, 110.0, 110.0, 110.0, 110.0, 220.0]",18.0,500.0,140.52380952380952,alexandria
Hadramout,"inEl Hadara,Egypt","Grills, Mandi, Chicken",https://www.talabat.com/egypt/restaurant/513759/hadra-mout?aid=7177,125,"[330.0, 340.0, 440.0, 70.0, 25.0, 45.0, 510.0, 330.0, 630.0, 335.0, 630.0, 335.0, 630.0, 630.0, 340.0, 270.0, 410.0, 470.0, 265.0, 440.0, 440.0, 1600.0, 365.0, 455.0, 520.0, 530.0, 510.0, 330.0, 630.0, 80.0, 160.0, 335.0, 630.0, 335.0, 490.0, 80.0, 80.0, 630.0, 630.0, 340.0, 270.0, 260.0, 160.0, 235.0, 255.0, 410.0, 340.0, 280.0, 470.0, 410.0, 295.0, 355.0, 240.0, 265.0, 245.0, 245.0, 45.0, 45.0, 50.0, 65.0, 70.0, 70.0, 70.0, 70.0, 235.0, 235.0, 235.0, 480.0, 570.0, 1650.0, 110.0, 100.0, 90.0, 90.0, 130.0, 210.0, 310.0, 20.0, 25.0, 30.0, 30.0, 30.0, 40.0, 25.0, 30.0, 30.0, 40.0, 120.0, 120.0, 110.0, 100.0, 95.0, 95.0, 470.0, 530.0, 780.0, 990.0, 1550.0, 2250.0, 2375.0, 3990.0, 990.0, 990.0, 950.0, 900.0, 760.0, 530.0, 530.0, 470.0, 440.0, 440.0, 195.0, 190.0, 15000.0, 11500.0, 5800.0, 3900.0, 1600.0, 30.0, 45.0, 30.0, 30.0, 30.0]",20.0,15000.0,695.4065040650406,alexandria
Demel,"inMoharam Bek,Egypt","Breakfast, coffee & tea, Pizza",https://www.talabat.com/egypt/restaurant/786111/demel-el-hadara?aid=7177,253,"[185.0, 185.0, 45.6, 172.0, 150.0, 107.16, 185.0, 185.0, 150.0, 45.6, 150.0, 130.0, 160.0, 160.0, 150.0, 150.0, 180.0, 131.1, 364.3, 116.28, 113.4, 119.7, 119.7, 132.3, 119.7, 119.7, 125.4, 159.6, 142.5, 142.5, 142.5, 131.1, 131.1, 150.0, 150.0, 160.0, 140.0, 170.0, 160.0, 160.0, 119.7, 119.7, 119.7, 119.7, 150.0, 180.0, 185.0, 185.0, 80.0, 74.1, 85.0, 80.0, 85.0, 90.0, 55.0, 90.0, 60.0, 80.0, 97.0, 96.9, 110.0, 200.0, 172.0, 172.0, 240.0, 150.0, 172.0, 155.0, 185.0, 165.9, 172.0, 172.0, 175.0, 150.0, 170.0, 175.0, 175.0, 175.0, 190.0, 190.0, 198.0, 198.1, 180.0, 182.4, 170.0, 172.0, 285.0, 313.5, 313.5, 336.3, 324.9, 319.2, 313.5, 313.5, 205.2, 193.8, 142.5, 182.4, 193.8, 193.8, 193.8, 150.0, 180.0, 200.0, 200.0, 207.0, 207.0, 215.0, 210.0, 215.0, 220.0, 215.0, 215.0, 170.0, 150.0, 252.0, 281.76, 281.76, 289.0, 171.0, 216.6, 45.6, 62.7, 136.8, 131.1, 171.0, 74.1, 119.7, 153.9, 131.1, 56.7, 69.3, 69.3, 69.3, 69.3, 69.3, 69.3, 69.3, 69.3, 69.3, 69.3, 69.3, 69.3, 69.3, 69.3, 88.0, 98.0, 88.0, 95.0, 102.0, 95.0, 95.0, 88.0, 80.0, 92.0, 92.0, 90.0, 85.0, 95.0, 108.3, 100.32, 108.3, 107.16, 119.7, 90.0, 85.0, 90.0, 85.0, 80.0, 96.9, 96.9, 85.5, 91.2, 108.3, 119.7, 108.3, 119.7, 125.4, 125.4, 108.3, 119.7, 125.4, 108.3, 125.4, 108.3, 108.3, 119.7, 119.7, 110.0, 55.0, 55.0, 55.0, 90.0, 90.0, 102.0, 102.0, 102.0, 102.0, 82.0, 102.0, 108.0, 108.0, 108.0, 98.0, 95.0, 102.0, 102.0, 90.0, 90.0, 102.0, 102.0, 80.0, 85.0, 85.0, 90.0, 92.0, 72.0, 72.0, 74.1, 92.0, 96.9, 96.0, 110.0, 98.0, 102.0, 108.0, 102.0, 108.0, 90.0, 102.6, 88.0, 95.0, 92.0, 95.0, 55.0, 55.0, 22.8, 25.08, 25.08, 25.08, 25.08, 29.64, 29.64, 29.64, 31.92, 60.0]",22.8,364.3,129.27601626016255,alexandria
Nutopia,"inRaml Station,Egypt","Desserts, Crepes, Waffles, Cakes",https://www.talabat.com/egypt/restaurant/508160/nutopia-raml-station?aid=7177,133,"[190.0, 100.0, 75.0, 125.0, 125.0, 170.0, 125.0, 160.0, 160.0, 160.0, 190.0, 160.0, 95.0, 65.0, 30.0, 190.0, 150.0, 440.0, 440.0, 315.0, 565.0, 150.0, 150.0, 190.0, 210.0, 190.0, 115.0, 165.0, 150.0, 170.0, 170.0, 200.0, 90.0, 100.0, 115.0, 150.0, 90.0, 125.0, 150.0, 190.0, 190.0, 190.0, 190.0, 125.0, 125.0, 150.0, 175.0, 150.0, 175.0, 115.0, 175.0, 215.0, 140.0, 140.0, 100.0, 75.0, 100.0, 175.0, 45.0, 45.0, 45.0, 65.0, 100.0, 100.0, 100.0, 100.0, 100.0, 100.0, 100.0, 100.0, 125.0, 125.0, 125.0, 165.0, 165.0, 190.0, 115.0, 125.0, 115.0, 115.0, 150.0, 150.0, 150.0, 125.0, 46.74, 65.0, 65.0, 75.0, 75.0, 75.0, 175.0, 160.0, 95.0, 150.0, 150.0, 20.0]",20.0,565.0,142.674375,alexandria
Hardee's,"inCarrefour,Egypt","Burgers, Fast Food",https://www.talabat.com/egypt/restaurant/503087/hardees-carfour-alex-hard?aid=7177,101,"[214.0, 235.0, 130.0, 175.0, 204.0, 115.0, 264.0, 244.0, 344.0, 250.0, 418.0, 618.0, 915.0, 961.0, 305.0, 310.0, 331.0, 355.0, 355.0, 366.0, 199.0, 244.0, 199.0, 244.0, 210.0, 264.0, 244.0, 344.0, 250.0, 418.0, 618.0, 915.0, 961.0, 265.0, 235.0, 204.0, 245.0, 245.0, 220.0, 190.0, 159.0, 200.0, 200.0, 350.0, 300.0, 214.0, 175.0, 230.0, 218.0, 229.0, 275.0, 130.0, 169.0, 173.0, 184.0, 230.0, 340.0, 340.0, 255.0, 250.0, 315.0, 280.0, 210.0, 205.0, 160.0, 110.0, 155.0, 140.0, 105.0, 115.0, 95.0, 155.0, 110.0, 115.0, 115.0, 55.0, 35.0, 25.0, 25.0, 35.0, 25.0, 25.0, 115.0, 50.0, 65.0, 55.0, 85.0, 100.0, 120.0, 115.0, 45.0, 80.0, 99.0, 110.0, 35.0, 35.0, 35.0, 32.0, 35.0, 80.0, 80.0]",25.0,961.0,222.02970297029705,alexandria
Mo'men,"inRaml Station,Egypt","Sandwiches, Fish & Seafood, Burgers, Chicken",https://www.talabat.com/egypt/restaurant/502330/momen--raml-station?aid=7177,114,"[406.0, 430.0, 40.0, 250.0, 406.0, 980.0, 430.0, 250.0, 240.0, 333.0, 331.0, 339.0, 392.0, 500.0, 639.0, 531.0, 746.0, 800.0, 923.0, 406.0, 376.5, 427.5, 240.0, 980.0, 430.0, 250.0, 240.0, 333.0, 331.0, 339.0, 392.0, 500.0, 639.0, 531.0, 746.0, 800.0, 923.0, 451.0, 257.0, 257.0, 257.0, 182.0, 182.0, 194.0, 308.0, 63.0, 68.0, 302.0, 268.0, 250.0, 307.0, 250.0, 228.0, 57.0, 17.0, 17.0, 46.0, 137.0, 63.0, 86.0, 86.0, 74.0, 74.0, 80.0, 60.5, 17.0, 17.0, 17.0, 17.0, 19.0, 23.0, 17.0, 40.0, 63.0, 154.0, 97.0, 103.0, 131.0, 80.0, 29.0, 33.0, 33.0, 33.0, 33.0, 52.0, 27.0, 13.0]",13.0,980.0,270.3390804597701,alexandria
"Fast delivery of food, groceries and more",Location not found,Cuisines not found,https://www.talabat.com/egypt/restaurant/624994/costa-coffeefouad-street-tgo-?aid=7177,0,[],,,,alexandria
Pizza King,"inEL Ataren,Egypt","Pizza, Pasta, Pizza, Italian",https://www.talabat.com/egypt/restaurant/678299/pizza-king-raml-station-el-ataren?aid=7177,164,"[131.0, 60.0, 63.0, 51.0, 137.0, 330.0, 710.0, 356.0, 371.0, 363.0, 431.0, 631.0, 993.0, 1016.0, 246.0, 642.0, 400.0, 477.0, 554.0, 616.0, 862.0, 577.0, 662.0, 723.0, 816.0, 1108.0, 623.0, 731.0, 854.0, 1008.0, 1239.0, 585.0, 662.0, 739.0, 846.0, 1123.0, 330.0, 350.0, 356.0, 478.0, 710.0, 356.0, 371.0, 363.0, 431.0, 631.0, 993.0, 1016.0, 331.0, 246.0, 642.0, 251.0, 359.0, 336.0, 433.0, 400.0, 477.0, 554.0, 616.0, 862.0, 577.0, 662.0, 723.0, 816.0, 1108.0, 623.0, 731.0, 854.0, 1008.0, 1239.0, 585.0, 662.0, 739.0, 846.0, 1123.0, 165.0, 165.0, 188.0, 171.0, 103.0, 103.0, 160.0, 154.0, 154.0, 148.0, 143.0, 143.0, 143.0, 148.0, 148.0, 148.0, 148.0, 188.0, 188.0, 137.0, 60.0, 74.0, 74.0, 68.0, 80.0, 80.0, 63.0, 137.0, 91.0, 137.0, 63.0, 63.0, 40.0, 51.0, 131.0, 57.0, 46.0, 23.0, 19.0, 17.0, 17.0, 17.0, 14.0, 17.0, 80.0, 80.0, 80.0, 29.0, 33.0, 33.0, 33.0, 33.0, 52.0, 27.0]",14.0,1239.0,394.4806201550388,alexandria
Hadramout El Hadramy,"inSemouha,Egypt","Grills, Mandi, Egyptian, Sandwiches",https://www.talabat.com/egypt/restaurant/510114/hadramout-el-hadramy-semouha?aid=7177,162,"[28.5, 11.4, 150.0, 250.0, 250.0, 91.2, 5125.0, 5999.0, 4425.0, 7500.0, 870.0, 1500.0, 500.0, 1650.0, 1900.0, 160.0, 279.3, 280.0, 135.0, 135.0, 200.0, 350.0, 280.0, 300.0, 250.0, 2100.0, 1650.0, 1500.0, 2500.0, 825.0, 500.0, 2500.0, 1500.0, 1900.0, 1900.0, 500.0, 350.0, 250.0, 250.0, 300.0, 150.0, 280.0, 250.0, 300.0, 280.0, 300.0, 280.0, 400.0, 356.0, 256.5, 525.0, 641.0, 525.0, 200.0, 135.0, 250.0, 500.0, 500.0, 229.0, 135.0, 250.0, 500.0, 682.86, 340.86, 171.0, 940.5, 473.1, 238.26, 1476.3, 739.86, 370.5, 1111.5, 557.46, 279.3, 682.86, 340.86, 171.0, 484.5, 1111.5, 541.5, 3900.0, 5400.0, 4266.0, 6900.0, 3900.0, 9500.0, 18000.0, 79.8, 91.2, 91.2, 51.3, 55.86, 340.86, 340.86, 340.86, 96.9, 96.9, 741.0, 28.5, 222.3, 222.3, 222.3, 222.3, 142.5, 51.3, 51.3, 51.3, 150.0, 250.0, 500.0, 150.0, 250.0, 500.0, 250.0, 500.0, 525.0, 484.5, 564.3, 1453.5, 2907.0, 5814.0, 495.9, 609.9, 1453.5, 2907.0, 940.5, 473.1, 238.26, 7923.0, 5643.0, 5415.0, 4508.7, 5192.7, 3288.9, 4223.7, 4166.7, 4702.5, 4052.7, 3676.5, 4018.5, 3790.5, 1772.7, 1772.7, 1943.7, 1650.0, 1500.0, 700.0, 786.6, 450.3, 5842.5, 3078.0, 3306.0, 3420.0, 22.8, 22.8, 22.8, 28.5, 28.5, 28.5, 28.5, 22.8, 11.4]",11.4,18000.0,1438.0581481481483,alexandria
Shawermetna,"inCamp Chezar,Egypt","Shawarma, Grills",https://www.talabat.com/egypt/restaurant/709649/shawermetna-camp-chezar?aid=7177,79,"[135.0, 25.0, 60.0, 120.0, 60.0, 170.0, 285.0, 295.0, 220.0, 280.0, 365.0, 600.0, 300.0, 280.0, 255.0, 510.0, 420.0, 465.0, 230.0, 265.0, 235.0, 80.0, 285.0, 295.0, 220.0, 280.0, 365.0, 600.0, 300.0, 280.0, 255.0, 510.0, 420.0, 465.0, 580.0, 230.0, 265.0, 235.0, 80.0, 170.0, 215.0, 225.0, 120.0, 135.0, 130.0, 150.0, 135.0, 125.0, 135.0, 60.0, 85.0, 95.0, 275.0, 475.0, 155.0, 170.0, 180.0, 200.0, 280.0, 295.0, 260.0, 260.0, 245.0, 235.0, 235.0, 250.0, 225.0, 410.0, 155.0, 180.0, 100.0, 25.0, 25.0, 15.0, 15.0, 60.0, 40.0, 75.0, 25.0]",15.0,600.0,227.40506329113924,alexandria
Pizza Roma,"inSporting,Egypt","Pizza, Crepes",https://www.talabat.com/egypt/restaurant/627975/pizza-roma-sporting?aid=7177,235,"[90.0, 110.0, 110.0, 100.0, 110.0, 100.0, 100.0, 120.0, 120.0, 100.0, 100.0, 120.0, 125.0, 75.0, 80.0, 80.0, 100.0, 100.0, 100.0, 100.0, 100.0, 100.0, 100.0, 100.0, 120.0, 120.0, 100.0, 150.0, 125.0, 130.0, 125.0, 170.0, 90.0, 100.0, 120.0, 60.0, 75.0, 80.0, 70.0, 110.0, 110.0, 120.0, 140.0, 110.0, 130.0, 100.0, 100.0, 120.0, 150.0, 160.0, 125.0, 125.0, 135.0, 150.0, 115.0, 125.0, 135.0, 165.0, 175.0, 135.0, 125.0, 135.0, 150.0, 140.0, 140.0, 165.0, 175.0, 130.0, 220.0, 130.0, 120.0, 110.0, 120.0, 120.0, 325.0, 130.0, 130.0, 130.0, 140.0, 55.0, 150.0, 160.0, 110.0, 120.0, 220.0, 120.0, 85.0, 40.0, 60.0, 75.0, 120.0, 40.0, 25.0, 20.0, 20.0, 15.0, 20.0, 25.0, 15.0, 20.0]",15.0,325.0,111.6,alexandria
Dixi's,"inSidi Gaber,Egypt","Fried chicken, Sandwiches, Fast Food, Chicken",https://www.talabat.com/egypt/restaurant/610532/dixis-sidi-gaber?aid=7177,58,"[110.0, 300.0, 110.0, 140.0, 35.0, 35.0, 300.0, 250.0, 160.0, 160.0, 144.0, 280.0, 500.0, 230.0, 125.0, 150.0, 200.0, 140.0, 110.0, 150.0, 200.0, 150.0, 200.0, 185.0, 150.0, 200.0, 140.0, 250.0, 430.0, 250.0, 145.0, 220.0, 630.0, 750.0, 920.0, 150.0, 55.0, 140.0, 85.0, 85.0, 35.0, 60.0, 50.0, 60.0, 110.0, 35.0, 55.0, 15.0, 80.0, 60.0, 30.0, 45.0, 15.0, 25.0, 20.0, 10.0, 55.0, 70.0]",10.0,920.0,168.86206896551724,alexandria
TBS,"inGreen Plaza,Egypt","coffee & tea, Healthy",https://www.talabat.com/egypt/restaurant/503228/tbs--green-plaza?aid=7177,115,"[120.0, 100.0, 130.0, 50.0, 120.0, 165.0, 160.0, 170.0, 200.0, 160.0, 135.0, 175.0, 120.0, 140.0, 95.0, 130.0, 135.0, 120.0, 120.0, 210.0, 190.0, 220.0, 220.0, 200.0, 205.0, 240.0, 250.0, 250.0, 260.0, 210.0, 260.0, 260.0, 260.0, 210.0, 340.0, 270.0, 170.0, 155.0, 155.0, 170.0, 450.0, 330.0, 270.0, 375.0, 210.0, 205.0, 85.0, 90.0, 90.0, 115.0, 105.0, 105.0, 100.0, 140.0, 135.0, 150.0, 695.0, 1095.0, 720.0, 1420.0, 695.0, 185.0, 185.0, 210.0, 205.0, 75.0, 105.0, 105.0, 95.0, 75.0, 100.0, 100.0, 115.0, 660.0, 860.0, 115.0, 120.0, 120.0, 1160.0, 110.0, 105.0, 105.0, 145.0, 110.0, 85.0, 85.0, 85.0, 90.0, 120.0, 120.0, 125.0, 110.0, 125.0, 125.0, 330.0, 330.0, 60.0, 50.0, 55.0, 60.0, 60.0, 50.0, 50.0, 40.0, 40.0, 40.0, 95.0, 90.0, 90.0, 60.0, 60.0, 35.0, 65.0]",35.0,1420.0,201.10619469026548,alexandria
Everyday,"inMoharam Bek - El Rasafa,Egypt","Pies, Crepes, Pizza",https://www.talabat.com/egypt/restaurant/745891/everyday-karmos?aid=7177,134,"[100.0, 105.0, 95.0, 105.0, 105.0, 100.0, 100.0, 100.0, 110.0, 50.0, 65.0, 65.0, 40.0, 45.0, 45.0]",40.0,110.0,82.0,alexandria
Wok and Walk,"inMandara,Egypt","Chinese, Asian, Asian, Japanese",https://www.talabat.com/egypt/restaurant/741327/wok-and-walk-mandara?aid=7177,43,"[330.0, 325.0, 330.0, 75.0, 87.0, 432.0, 869.0, 432.0, 869.0, 320.0, 330.0, 320.0, 320.0, 330.0, 330.0, 330.0, 98.0, 98.0, 75.0, 92.0, 87.0, 80.0, 80.0, 80.0, 258.0, 270.0, 230.0, 295.0, 330.0, 330.0, 330.0, 325.0, 85.0, 85.0, 30.0, 30.0, 30.0, 10.0, 30.0, 20.0, 5.0]",5.0,869.0,229.5609756097561,alexandria
Abo Rabie,"inSemouha - Victor Emanouil,Egypt","foul & falafel, Sandwiches",https://www.talabat.com/egypt/restaurant/503901/abo-rabie--semouha?aid=7177,125,"[110.0, 85.0, 115.0, 140.0, 100.0, 130.0, 160.0, 25.0, 40.0, 28.0, 28.0, 27.0, 30.0, 35.0, 43.0, 43.0, 45.0, 45.0, 48.0, 48.0, 50.0, 50.0, 45.0, 30.0, 50.0, 45.0, 45.0, 55.0, 40.0, 40.0, 40.0, 45.0, 75.0, 60.0, 65.0, 65.0, 90.0, 75.0, 80.0, 90.0, 80.0, 80.0, 62.0, 80.0, 100.0, 90.0, 90.0, 80.0, 85.0, 85.0, 70.0, 3.5, 25.0, 40.0, 35.0, 25.0, 3.0, 5.0, 6.0, 12.0, 14.0, 16.0, 17.0, 26.0, 15.0, 12.0, 30.0, 35.0, 35.0, 60.0, 50.0, 35.0, 8.0, 75.0, 75.0]",3.0,160.0,53.59333333333333,alexandria
Shamy Elbait elkeber,"inSemouha,Egypt","Syrian, Shawerma, Sandwiches",https://www.talabat.com/egypt/restaurant/730085/shamy-elbait-elkeber-semouha--victor-emanouil?aid=7177,119,"[40.25, 35.0, 224.25, 23.0, 290.0, 650.0, 330.0, 368.0, 300.0, 350.0, 210.0, 210.0, 270.0, 90.0, 290.0, 650.0, 330.0, 368.0, 300.0, 350.0, 210.0, 210.0, 270.0, 90.0, 205.0, 160.0, 190.0, 230.0, 260.0, 245.0, 39.2, 40.25, 61.0, 32.2, 55.4, 61.0, 156.2, 173.0, 140.0, 165.0, 179.0, 162.0, 110.0, 195.0, 179.0, 130.0, 172.5, 276.0, 322.0, 224.25, 184.0, 207.0, 184.0, 244.95, 184.0, 172.5, 276.64, 218.5, 190.35, 264.5, 483.0, 287.2, 488.75, 150.0, 95.8, 95.8, 172.5, 195.5, 212.75, 230.0, 90.0, 85.0, 95.8, 107.0, 114.0, 101.4, 95.8, 96.37, 58.65, 72.0, 90.0, 90.0, 101.4, 107.0, 96.37, 130.0, 155.25, 131.34, 26.27, 23.0, 28.75, 40.25, 35.03, 46.0, 12.18, 45.0, 46.0, 15.68, 839.5, 115.0, 30.46, 51.75, 40.25, 35.0, 51.75, 18.4, 18.4, 13.8, 28.75, 23.52]",12.18,839.5,168.73963636363632,alexandria
Pizza Hut,"inCarrefour,Egypt","Pizza, Salad, Pizza & Pies",https://www.talabat.com/egypt/restaurant/647601/pizza-hut-carrefour-alex-ph?aid=7177,90,"[286.0, 205.0, 90.0, 179.0, 159.0, 113.0, 847.0, 622.0, 690.0, 704.0, 615.0, 620.0, 286.0, 197.0, 59.0, 131.0, 131.0, 131.0, 847.0, 622.0, 690.0, 704.0, 615.0, 620.0, 369.0, 539.0, 649.0, 569.0, 569.0, 695.0, 286.0, 239.0, 225.0, 205.0, 197.0, 121.0, 125.0, 121.0, 75.0, 75.0, 75.0, 113.0, 143.0, 143.0, 168.0, 198.0, 198.0, 168.0, 168.0, 198.0, 168.0, 198.0, 143.0, 103.0, 103.0, 103.0, 103.0, 179.0, 159.0, 25.0, 25.0, 25.0, 90.0, 90.0, 90.0, 85.0, 160.0, 170.0, 134.0, 160.0, 130.0, 55.0, 29.0, 85.0, 86.0, 224.0, 55.0, 45.0, 45.0, 145.0, 105.0, 60.0, 40.0, 61.0, 63.0, 40.0, 40.0, 40.0, 40.0, 20.0]",20.0,847.0,227.94444444444449,alexandria
Brew & Chew,"inSemouha,Egypt","Desserts, coffee & tea, Sandwiches",https://www.talabat.com/egypt/restaurant/712953/brew-chew-semouha--victor-emanouil?aid=7177,93,"[256.0, 260.0, 150.0, 280.0, 345.0, 320.0, 160.0, 175.0, 155.0, 135.0, 115.0, 115.0, 150.0, 150.0, 150.0, 150.0, 155.0, 140.0, 175.0, 165.0, 160.0, 170.0, 140.0, 135.0, 140.0, 145.0, 170.0, 160.0, 160.0, 160.0, 320.0, 330.0, 285.0, 290.0, 315.0, 280.0, 306.0, 256.0, 293.0, 290.0, 345.0, 256.0, 260.0, 420.0, 370.0, 320.0, 390.0, 400.0, 490.0, 421.0, 500.0, 500.0, 410.0, 459.0, 361.0, 430.0, 361.0, 341.0, 505.0, 460.0, 380.0, 170.0, 175.0, 175.0, 160.0, 160.0, 130.0, 110.0, 115.0, 130.0, 150.0, 150.0, 150.0, 173.0, 173.0, 173.0, 160.0, 150.0, 310.0, 320.0, 316.0, 310.0, 320.0, 295.0, 230.0, 230.0, 316.0, 241.0, 316.0, 316.0, 70.0]",70.0,505.0,250.3186813186813,alexandria
Mgabes,"inAzarita,Egypt","Grills, Chicken, Arabic, Arabic, Indian",https://www.talabat.com/egypt/restaurant/646609/mgabes-azarita?aid=7177,72,"[70.0, 485.0, 35.0, 90.0, 60.0, 530.0, 100.0, 120.0, 90.0, 130.0, 100.0, 115.0, 185.0, 495.0, 890.0, 875.0, 530.0, 485.0, 90.0, 95.0, 115.0, 125.0, 95.0, 80.0, 90.0, 105.0, 115.0, 115.0, 220.0, 90.0, 200.0, 235.0, 145.0, 715.0, 90.0, 70.0, 145.0, 70.0, 55.0, 90.0, 40.0, 25.0, 40.0, 30.0, 35.0, 85.0, 35.0, 45.0, 35.0, 35.0, 35.0, 45.0, 55.0, 20.0, 60.0]",20.0,890.0,166.45454545454547,alexandria
Maharaja,"inSemouha - Modereyt El Amn El Gadeda,Egypt","Indian , Vegetarian, Indian, Indian",https://www.talabat.com/egypt/restaurant/704790/maharaja-semouha--modereyt-el-amn-el-gadeda?aid=7177,132,"[335.0, 110.0, 70.0, 275.0, 295.0, 80.0, 625.0, 772.0, 655.0, 895.0, 1261.0, 625.0, 772.0, 655.0, 895.0, 1261.0, 117.0, 117.0, 107.0, 123.0, 123.0, 123.0, 60.0, 123.0, 123.0, 50.0, 30.0, 40.0, 30.0, 30.0, 133.0, 133.0, 123.0, 123.0, 335.0, 335.0, 335.0, 335.0, 335.0, 335.0, 335.0, 335.0, 335.0, 362.0, 362.0, 362.0, 362.0, 362.0, 362.0, 362.0, 362.0, 362.0, 615.0, 615.0, 375.0, 375.0, 255.0, 255.0, 255.0, 255.0, 255.0, 255.0, 255.0, 255.0, 255.0, 255.0, 255.0, 282.0, 255.0, 375.0, 353.0, 353.0, 353.0, 353.0, 353.0, 353.0, 353.0, 510.0, 295.0, 375.0, 295.0, 690.0, 400.0, 235.0, 235.0, 615.0, 375.0, 295.0, 275.0, 180.0, 202.0, 110.0, 85.0, 95.0, 85.0, 80.0, 80.0, 70.0, 70.0, 70.0, 50.0, 50.0, 50.0, 80.0, 80.0, 80.0, 95.0, 65.0, 70.0, 70.0, 65.0, 65.0, 91.0, 91.0, 91.0, 91.0, 91.0, 91.0, 29.0, 29.0, 29.0, 29.0, 29.0, 29.0, 29.0, 29.0, 29.0, 25.0, 40.0, 70.0, 40.0, 50.0]",25.0,1261.0,252.3030303030303,alexandria
Mince,"inGiza,Egypt","Burgers, Fast Food, American",https://www.talabat.com/egypt/restaurant/514551/mince-giza?aid=7766,86,"[240.0, 105.0, 195.0, 195.0, 90.0, 150.0, 150.0, 190.0, 65.0, 105.0, 145.0, 65.0, 160.0, 150.0, 160.0, 155.0, 120.0, 155.0, 90.0, 150.0, 150.0, 145.0, 80.0, 55.0, 60.0, 60.0, 90.0, 110.0, 210.0, 210.0, 210.0, 210.0, 195.0, 225.0, 195.0, 240.0, 210.0, 230.0, 195.0, 205.0, 200.0, 180.0, 195.0, 210.0, 200.0, 200.0, 205.0, 195.0, 280.0, 140.0, 200.0, 240.0, 135.0, 120.0, 140.0, 110.0, 130.0, 180.0, 190.0, 180.0, 175.0, 60.0, 45.0, 45.0, 45.0, 50.0, 55.0, 20.0, 20.0, 15.0, 20.0, 15.0, 15.0, 35.0, 20.0, 40.0, 20.0, 10.0, 20.0]",10.0,280.0,132.59493670886076,cairo
Kyoto Sushi,"inDokki - Mosaddak,Egypt","Sushi, Japanese , Asian",https://www.talabat.com/egypt/restaurant/649438/kyoto-sushi-dokki--mosaddak?aid=7766,238,"[638.4, 191.5, 273.6, 285.0, 656.6, 250.8, 250.8, 273.6, 250.8, 146.0, 285.0, 250.8, 285.0, 285.0, 164.2, 164.2, 285.0, 250.8, 250.8, 285.0, 228.0, 148.2, 273.6, 410.4, 410.4, 73.0, 38.8, 19.4, 260.0, 260.0, 260.0, 202.92, 260.0, 260.0, 260.0, 260.0, 148.2, 171.0, 262.2, 262.2, 262.2, 262.2, 262.2, 638.4, 410.4, 581.4, 656.6, 996.4, 1055.6, 1550.4, 1824.0, 2565.0, 2918.4, 3892.0, 136.8, 125.4, 136.8, 52.4, 96.9, 136.8, 68.4, 262.2, 59.3, 148.2, 142.5, 399.0, 228.8, 399.0, 399.0, 74.1, 296.4, 330.6, 296.0, 250.8, 273.6, 250.8, 146.0, 285.0, 250.8, 285.0, 285.0, 164.2, 164.2, 285.0, 250.8, 250.8, 285.0, 228.0, 148.2, 273.6, 34.2, 34.2, 34.2, 31.9, 25.1, 31.9, 31.9, 17.1, 18.2, 34.2, 34.2, 34.2, 34.2, 34.2, 34.2, 34.2, 34.2, 34.2, 410.4, 410.4, 73.0, 38.8, 19.4, 364.8, 364.8, 364.8, 364.8, 273.6, 273.6, 273.6, 228.0, 228.0, 273.6, 228.0, 273.6, 193.8, 273.6, 273.6, 273.6, 260.0, 260.0, 260.0, 202.92, 260.0, 260.0, 260.0, 260.0, 148.2, 171.0, 171.0, 171.0, 171.0, 171.0, 171.0, 171.0, 112.9, 112.9, 262.2, 262.2, 262.2, 262.2, 262.2, 112.86, 44.5, 44.5, 131.1, 131.1, 131.1, 131.1, 131.1, 44.5, 131.1, 85.5, 131.1, 131.1, 131.1, 399.0, 399.0, 342.0, 34.2, 34.2, 34.2, 34.2, 68.4, 159.6, 191.5, 239.4, 287.3, 319.2, 351.1, 478.8, 638.4, 410.4, 581.4, 656.6, 996.4, 1055.6, 1550.4, 1824.0, 2565.0, 2918.4, 3892.0]",17.1,3892.0,358.61197916666634,cairo
Mo'men,"inAl Manial,Egypt","Sandwiches, Fish & Seafood, Burgers, Chicken",https://www.talabat.com/egypt/restaurant/502351/momen--al-manial?aid=7766,112,"[406.0, 430.0, 250.0, 40.0, 406.0, 980.0, 430.0, 250.0, 240.0, 333.0, 331.0, 339.0, 392.0, 500.0, 639.0, 531.0, 746.0, 800.0, 923.0, 406.0, 376.5, 427.5, 240.0, 980.0, 430.0, 250.0, 240.0, 333.0, 331.0, 339.0, 392.0, 500.0, 639.0, 531.0, 746.0, 800.0, 923.0, 451.0, 257.0, 257.0, 257.0, 182.0, 182.0, 194.0, 308.0, 63.0, 68.0, 302.0, 268.0, 250.0, 307.0, 250.0, 228.0, 57.0, 17.0, 17.0, 46.0, 137.0, 63.0, 86.0, 86.0, 74.0, 74.0, 80.0, 60.5, 17.0, 17.0, 17.0, 17.0, 19.0, 23.0, 17.0, 40.0, 63.0, 154.0, 97.0, 103.0, 131.0, 29.0, 33.0, 33.0, 33.0, 52.0, 27.0, 13.0]",13.0,980.0,275.3705882352941,cairo
Costa Coffee,"inDowntown - Abdin,Egypt","coffee & tea, Sandwiches, Desserts",https://www.talabat.com/egypt/restaurant/502873/costa-coffee--sherif-streettgo?aid=7766,83,"[95.0, 80.0, 100.0, 95.0, 105.0, 95.0, 200.0, 220.0, 185.0, 95.0, 95.0, 100.0, 80.0, 105.0, 105.0, 100.0, 70.0, 70.0, 70.0, 65.0, 105.0, 100.0, 60.0, 100.0, 100.0, 100.0, 95.0, 100.0, 100.0, 110.0, 125.0, 80.0, 105.0, 100.0, 100.0, 105.0, 105.0, 100.0, 95.0, 95.0, 145.0, 120.0, 110.0, 110.0, 110.0, 120.0, 125.0, 120.0, 160.0, 160.0, 180.0, 120.0, 180.0, 90.0, 85.0, 70.0, 55.0, 95.0, 110.0, 70.0, 70.0, 110.0, 110.0, 110.0, 90.0, 70.0, 99.0, 120.0, 75.0, 75.0, 90.0, 150.0, 150.0, 150.0, 165.0, 155.0, 95.0, 40.0, 90.0, 90.0, 90.0, 25.0, 40.0]",25.0,220.0,104.86746987951808,cairo
Recota,"inAnwar El Sadat,Egypt","Pizza, Desserts, Fast Food",https://www.talabat.com/egypt/restaurant/508082/recota-al-manial?aid=7766,82,"[70.0, 70.0, 70.0, 70.0, 110.0, 120.0, 120.0, 120.0]",70.0,120.0,93.75,cairo
City Drink,"inAl Manial,Egypt","Beverages, Beverages, Desserts",https://www.talabat.com/egypt/restaurant/680200/city-drink-al-manial?aid=7766,246,"[320.0, 70.0, 350.0, 300.0, 60.0, 60.0, 60.0, 60.0, 60.0, 60.0, 60.0, 75.0, 75.0, 60.0, 20.0, 350.0, 160.0, 150.0, 150.0, 150.0, 250.0, 175.0, 160.0, 225.0, 300.0, 140.0, 160.0, 80.0, 130.0, 125.0, 110.0, 80.0, 100.0, 80.0, 80.0, 140.0, 175.0, 160.0, 190.0, 320.0, 400.0, 400.0, 350.0, 30.0, 25.0, 30.0, 50.0, 45.0, 50.0, 35.0, 70.0, 105.0, 55.0, 70.0, 95.0, 300.0]",20.0,400.0,141.78571428571428,cairo
Mawlay,"inGarden City,Egypt","Arabic, Egyptian",https://www.talabat.com/egypt/restaurant/771138/mawlay-garden-city?aid=7766,90,"[90.0, 380.0, 165.0, 720.0, 350.0, 110.0, 100.0, 180.0, 195.0, 70.0, 165.0, 195.0, 195.0, 195.0, 125.0, 240.0, 150.0, 135.0, 140.0, 140.0, 140.0, 380.0, 720.0, 319.0, 299.0, 299.0, 390.0, 260.0, 350.0, 260.0, 405.0, 510.0, 422.0, 345.0, 625.0, 535.0, 350.0, 375.0, 310.0, 510.0, 350.0, 410.0, 225.0, 90.0, 440.0, 530.0, 300.0, 295.0, 125.0, 465.0, 375.0, 710.0, 420.0, 75.0, 50.0, 50.0, 70.0, 50.0, 60.0, 55.0, 60.0, 60.0, 45.0, 55.0, 45.0, 60.0, 85.0, 65.0, 75.0, 70.0, 55.0, 165.0, 70.0, 55.0, 95.0, 20.0, 65.0]",20.0,720.0,235.5064935064935,cairo
Cook Door,"inAl Manial,Egypt","Sandwiches, Burgers, Fast Food",https://www.talabat.com/egypt/restaurant/510616/cook-door-al-manial--tgo?aid=7766,71,"[90.0, 325.0, 964.0, 450.0, 600.0, 639.0, 964.0, 450.0, 600.0, 639.0, 220.0, 245.0, 230.0, 260.0, 520.0, 520.0, 290.0, 115.0, 115.0, 290.0, 185.0, 450.0, 155.0, 155.0, 360.0, 360.0, 360.0, 360.0, 345.0, 325.0, 315.0, 60.0, 120.0, 60.0, 90.0, 220.0, 245.0, 230.0, 260.0, 80.0, 49.0, 40.0, 25.0, 20.0, 5.0, 20.0, 20.0, 20.0, 20.0, 20.0, 25.0, 25.0, 20.0]",5.0,964.0,256.0377358490566,cairo
SIRAJ,"inMohandesin - Jazerat El Arab,Egypt","International, Beverages",https://www.talabat.com/egypt/restaurant/796833/siraj-mohandesin--jazerat-el-arab?aid=7766,131,"[65.0, 70.0, 590.0, 65.0, 250.0, 170.0, 1700.0, 2550.0, 2050.0, 1050.0, 1150.0, 1700.0, 1800.0, 910.0, 910.0, 910.0, 730.0, 590.0, 790.0, 815.0, 590.0, 450.0, 40.0, 190.0, 140.0, 140.0, 155.0, 155.0, 140.0, 155.0, 320.0, 230.0, 280.0, 350.0, 310.0, 300.0, 350.0, 350.0, 150.0, 130.0, 170.0, 310.0, 280.0, 150.0, 190.0, 170.0, 150.0, 150.0, 160.0, 65.0, 65.0, 65.0, 70.0, 150.0, 50.0]",40.0,2550.0,472.45454545454544,cairo
Vinny's Pizzeria,"inZamalek,Egypt","Pizza, Desserts, Salad",https://www.talabat.com/egypt/restaurant/503502/vinnys-pizza--zamalek?aid=7766,84,"[15.0, 50.0, 40.0, 15.0, 473.0, 558.0, 775.0, 849.0, 458.0, 1107.0, 473.0, 558.0, 775.0, 849.0, 458.0, 1107.0, 40.0, 15.0, 15.0, 15.0, 15.0, 15.0, 175.0, 120.0, 70.0, 50.0, 60.0, 50.0, 35.0, 35.0, 35.0, 35.0, 35.0, 15.0, 35.0, 250.0, 230.0, 250.0]",15.0,1107.0,267.2368421052632,cairo
KFC,"inAl Manial,Egypt","Fried chicken, Sandwiches, Fast Food, Chicken",https://www.talabat.com/egypt/restaurant/658817/kfc-manial-kfc--tmp?aid=7766,117,"[109.0, 65.0, 40.0, 240.0, 630.0, 299.0, 288.0, 288.0, 375.0, 375.0, 299.0, 430.0, 630.0, 334.0, 240.0, 340.0, 510.0, 340.0, 255.0, 189.0, 210.0, 200.0, 240.0, 360.0, 446.0, 445.0, 535.0, 189.0, 255.0, 210.0, 180.0, 180.0, 288.0, 260.0, 288.0, 260.0, 375.0, 375.0, 299.0, 430.0, 630.0, 334.0, 240.0, 340.0, 510.0, 340.0, 255.0, 189.0, 210.0, 200.0, 240.0, 360.0, 294.0, 446.0, 445.0, 535.0, 399.0, 205.0, 350.0, 189.0, 695.0, 920.0, 545.0, 770.0, 725.0, 840.0, 950.0, 1055.0, 810.0, 660.0, 1025.0, 875.0, 629.0, 685.0, 255.0, 325.0, 149.0, 210.0, 215.0, 245.0, 250.0, 255.0, 285.0, 255.0, 155.0, 170.0, 155.0, 110.0, 110.0, 110.0, 205.0, 210.0, 210.0, 125.0, 125.0, 65.0, 40.0, 30.0, 60.0, 3.0, 90.0, 130.0, 110.0, 180.0, 109.0, 90.0, 90.0, 125.0, 65.0, 40.0, 7.0, 84.0, 84.0, 35.0, 35.0, 35.0, 34.0]",3.0,1055.0,306.54700854700855,cairo
Heart Attack,"inAl Manial,Egypt","Fried chicken, Sandwiches, Burgers",https://www.talabat.com/egypt/restaurant/639933/heart-attack-al-manial--tgo?aid=7766,103,"[15.0, 70.0, 70.0, 70.0, 70.0, 270.0, 700.0, 850.0, 690.0, 945.0, 380.0, 350.0, 450.0, 270.0, 450.0, 270.0, 360.0, 180.0, 380.0, 195.0, 225.0, 350.0, 320.0, 780.0, 400.0, 610.0, 1000.0, 1070.0, 700.0, 850.0, 690.0, 945.0, 380.0, 180.0, 350.0, 490.0, 450.0, 270.0, 450.0, 270.0, 360.0, 180.0, 380.0, 195.0, 225.0, 350.0, 170.0, 170.0, 170.0, 170.0, 230.0, 230.0, 200.0, 245.0, 200.0, 195.0, 200.0, 110.0, 195.0, 195.0, 135.0, 110.0, 110.0, 110.0, 110.0, 220.0, 95.0, 320.0, 170.0, 230.0, 395.0, 780.0, 400.0, 610.0, 755.0, 1000.0, 1070.0, 110.0, 110.0, 125.0, 235.0, 65.0, 90.0, 100.0, 90.0, 65.0, 125.0, 100.0, 5.0, 50.0, 60.0, 70.0, 70.0, 200.0, 70.0, 50.0, 30.0, 70.0, 50.0, 15.0, 30.0, 30.0, 15.0]",5.0,1070.0,299.36893203883494,cairo
New Wadi El Nile,"inDowntown,Egypt","Fish & Seafood, Street Food, Fish & chips",https://www.talabat.com/egypt/restaurant/776648/new-wadi-el-nile-downtown--ramsis?aid=7766,97,"[3.0, 1350.0, 120.0, 1350.0, 300.0, 300.0, 160.0, 150.0, 1.0, 1.0, 170.0, 215.0, 320.0, 350.0, 300.0, 300.0, 300.0, 250.0, 400.0, 450.0, 350.0, 320.0, 350.0, 450.0, 500.0, 450.0, 425.0, 90.0, 100.0, 400.0, 280.0, 100.0, 90.0, 280.0, 300.0, 250.0, 270.0, 250.0, 60.0, 260.0, 240.0, 220.0, 400.0, 625.0, 300.0, 400.0, 350.0, 220.0, 300.0, 400.0, 300.0, 260.0, 270.0, 150.0, 150.0, 120.0, 10.0, 10.0, 10.0, 3.0, 10.0, 20.0]",1.0,1350.0,276.33870967741933,cairo
Pizza Master,"inDowntown - Magales El Sha'ab,Egypt","Pizza, Fast Food, Pasta, Pizza",https://www.talabat.com/egypt/restaurant/518625/pizza-master-downtown--magales-el-shaab?aid=7766,65,"[800.0, 700.0, 1100.0, 280.0, 900.0, 280.0, 700.0, 900.0, 800.0, 1100.0, 280.0, 700.0, 900.0, 800.0, 1100.0, 100.0, 210.0, 55.0, 110.0, 75.0, 35.0, 50.0]",35.0,1100.0,544.3181818181819,cairo
Red Elephant,"inMohandiseen,Egypt","Indian , Fish & Seafood, Seyami, Grills, Healthy , Beverages, Soup, Chicken, Vegan, Vegetarian, South Indian, Salad, Indian, Indian, Asian, Chinese, Asian",https://www.talabat.com/egypt/restaurant/515548/red-elephant-mohandesin--jazerat-el-arab?aid=7766,171,"[65.0, 330.0, 65.0, 490.0, 330.0, 330.0, 450.0, 1600.0, 330.0, 330.0, 330.0, 330.0, 330.0, 330.0, 350.0, 350.0, 350.0, 350.0, 350.0, 925.0, 450.0, 1600.0, 105.0, 110.0, 175.0, 95.0, 180.0, 90.0, 90.0, 95.0, 95.0, 98.0, 135.0, 115.0, 98.0, 115.0, 95.0, 75.0, 75.0, 75.0, 95.0, 235.0, 315.0, 310.0, 315.0, 325.0, 315.0, 315.0, 310.0, 320.0, 315.0, 315.0, 315.0, 370.0, 360.0, 340.0, 370.0, 370.0, 225.0, 240.0, 235.0, 235.0, 235.0, 205.0, 240.0, 170.0, 205.0, 250.0, 295.0, 305.0, 350.0, 530.0, 585.0, 195.0, 225.0, 95.0, 115.0, 105.0, 75.0, 55.0, 65.0, 65.0, 55.0, 55.0, 65.0, 45.0, 285.0, 285.0, 285.0, 285.0, 285.0, 310.0, 285.0, 285.0, 295.0, 295.0, 325.0, 325.0, 340.0, 325.0, 325.0, 325.0, 120.0, 155.0, 85.0, 100.0, 75.0, 95.0, 55.0, 70.0, 130.0, 150.0, 140.0, 165.0, 170.0, 205.0, 270.0, 310.0, 205.0, 235.0, 45.0, 235.0, 75.0, 55.0, 55.0, 95.0, 90.0, 95.0, 75.0, 75.0, 225.0, 630.0, 630.0, 630.0, 630.0, 630.0, 350.0, 350.0, 380.0, 490.0, 490.0, 245.0, 1150.0, 65.0, 78.0, 70.0, 55.0, 55.0, 60.0, 65.0, 75.0, 70.0, 35.0, 20.0, 25.0, 40.0, 35.0, 25.0, 65.0, 50.0, 40.0, 40.0, 35.0, 35.0, 30.0, 90.0, 90.0, 90.0]",20.0,1600.0,238.5059523809524,cairo
Burger King,"inAl Manial,Egypt","Burgers, Fast Food",https://www.talabat.com/egypt/restaurant/507781/burger-king-al-manial?aid=7766,83,"[205.0, 299.0, 275.0, 70.0, 110.0, 110.0, 219.0, 219.0, 299.0, 315.0, 375.0, 275.0, 299.0, 219.0, 219.0, 299.0, 310.0, 310.0, 315.0, 375.0, 260.0, 300.0, 299.0, 400.0, 309.0, 360.0, 219.0, 315.0, 205.0, 429.0, 435.0, 460.0, 299.0, 380.0, 309.0, 309.0, 275.0, 259.0, 159.0, 470.0, 360.0, 110.0, 100.0, 75.0, 120.0, 60.0, 80.0, 90.0, 150.0, 110.0, 60.0, 25.0, 60.0, 55.0, 25.0, 25.0, 60.0, 340.0, 369.0, 375.0, 400.0, 410.0, 300.0, 250.0, 250.0, 249.0, 249.0, 320.0, 199.0, 215.0, 239.0, 99.0, 60.0, 70.0, 249.0, 239.0, 159.0, 145.0, 140.0, 120.0, 140.0, 140.0]",25.0,470.0,229.9878048780488,cairo
Mr. Koko,"inDowntown - Abdin,Egypt","Burgers, Arabic, Sandwiches",https://www.talabat.com/egypt/restaurant/764690/mr-koko-downtown--abdin?aid=7766,73,"[155.0, 30.0, 70.0, 155.0, 155.0, 155.0, 155.0, 155.0, 195.0, 215.0, 215.0, 185.0, 195.0, 195.0, 185.0, 185.0, 70.0, 100.0, 100.0, 60.0, 90.0, 90.0, 95.0, 95.0, 20.0, 20.0, 20.0, 15.0, 20.0, 25.0, 30.0, 30.0, 30.0, 20.0, 20.0, 20.0, 25.0]",15.0,215.0,97.16216216216216,cairo
Hawawshi El Refaay,"inDowntown - Abdin,Egypt","Grills, Arabic",https://www.talabat.com/egypt/restaurant/508259/hawawshi-el-refaay-downtown--abdin?aid=7766,69,"[115.0, 100.0, 20.0, 75.0, 20.0, 120.0, 126.0, 129.05, 119.0, 234.05, 100.0, 105.0, 115.0, 120.0, 135.0, 105.0, 120.0, 135.0, 150.0, 130.0, 130.0, 140.0, 110.0, 145.0, 125.0, 130.0, 130.0, 140.0, 160.0, 170.0, 165.0, 220.0, 145.0, 115.0, 135.0, 150.0, 145.0, 155.0, 155.0, 145.0, 140.0, 100.0, 115.0, 125.0, 140.0, 170.0, 20.0, 20.0, 20.0, 25.0, 10.0, 60.0, 75.0, 70.0, 40.0, 60.0, 75.0, 15.0, 15.0, 15.0, 15.0, 620.0, 670.0, 790.0, 540.0, 30.0, 15.0, 35.0, 40.0]",10.0,790.0,134.0304347826087,cairo
99CUPS,"inAl Manial - El Rawda,Egypt","Coffee & Tea, Cafe, Beverages",https://www.talabat.com/egypt/restaurant/771884/99cups-al-manial?aid=7766,40,"[25.0, 45.0, 25.0, 65.0, 55.0, 95.0, 95.0, 95.0, 95.0, 95.0, 115.0, 115.0, 75.0, 75.0, 95.0, 95.0, 75.0, 95.0, 95.0, 65.0, 80.0, 25.0, 95.0, 95.0, 95.0, 95.0, 85.0, 85.0, 75.0, 75.0, 75.0, 65.0, 65.0, 75.0, 55.0, 65.0, 45.0, 25.0]",25.0,115.0,75.39473684210526,cairo
Buffalo Burger,"inAl Manial,Egypt","Burgers, Sandwiches",https://www.talabat.com/egypt/restaurant/700435/buffalo-burger-al-manial--tgo?aid=7766,84,"[189.0, 265.0, 525.0, 950.0, 189.0, 299.0, 225.0, 162.0, 162.0, 167.0, 183.0, 183.0, 224.0, 224.0, 250.0, 250.0, 255.0, 271.0, 271.0, 312.0, 312.0, 227.0, 252.0, 226.0, 221.0, 274.0, 281.0, 222.0, 252.0, 227.0, 287.0, 276.0, 216.0, 238.0, 315.0, 340.0, 314.0, 309.0, 362.0, 369.0, 310.0, 340.0, 315.0, 375.0, 364.0, 304.0, 326.0, 228.0, 222.0, 227.0, 305.0, 299.0, 304.0, 201.0, 214.0, 202.0, 261.0, 285.0, 298.0, 286.0, 345.0, 260.0, 145.0, 65.0, 710.0, 116.0, 90.0, 110.0, 154.0, 121.0, 55.0, 116.0, 15.0, 30.0, 15.0, 15.0, 15.0, 3.0, 15.0, 10.0, 110.0, 110.0, 16.0, 42.0]",3.0,950.0,231.25,cairo
Over dozzz,"inAl Manial,Egypt","Burgers, Fast Food, Pasta, Arabic, American, Sandwiches",https://www.talabat.com/egypt/restaurant/757538/over-dozzz-al-manial?aid=7766,81,"[165.0, 120.0, 120.0, 50.0, 135.0, 180.0, 210.0, 180.0, 200.0, 290.0, 200.0, 180.0, 180.0, 165.0, 165.0, 115.0, 210.0, 180.0, 195.0, 300.0, 195.0, 200.0, 290.0, 200.0, 200.0, 200.0, 180.0, 50.0, 50.0, 75.0, 80.0, 150.0, 199.0, 100.0, 110.0, 245.0, 265.0, 280.0, 200.0, 150.0, 200.0, 180.0, 135.0, 165.0, 165.0, 115.0, 115.0, 75.0, 100.0, 55.0, 70.0, 120.0, 30.0, 55.0, 45.0, 55.0, 50.0, 40.0, 40.0, 40.0, 35.0, 15.0, 75.0, 100.0, 120.0, 100.0, 45.0, 130.0, 130.0, 140.0, 15.0, 20.0, 150.0, 110.0, 75.0, 80.0, 120.0, 120.0, 45.0]",15.0,300.0,132.0759493670886,cairo
Pizza King,"inAl Manial,Egypt","Pizza, Pasta, Pizza, Italian",https://www.talabat.com/egypt/restaurant/502838/pizza-king--al-manial?aid=7766,154,"[131.0, 63.0, 60.0, 51.0, 137.0, 330.0, 710.0, 356.0, 371.0, 363.0, 431.0, 631.0, 993.0, 1016.0, 642.0, 400.0, 477.0, 554.0, 616.0, 862.0, 577.0, 662.0, 723.0, 816.0, 1108.0, 623.0, 731.0, 854.0, 1008.0, 1239.0, 585.0, 662.0, 739.0, 846.0, 1123.0, 330.0, 350.0, 356.0, 478.0, 710.0, 356.0, 371.0, 363.0, 431.0, 631.0, 993.0, 1016.0, 331.0, 642.0, 251.0, 359.0, 336.0, 433.0, 400.0, 477.0, 554.0, 616.0, 862.0, 577.0, 662.0, 723.0, 816.0, 1108.0, 623.0, 731.0, 854.0, 1008.0, 1239.0, 585.0, 662.0, 739.0, 846.0, 1123.0, 165.0, 165.0, 188.0, 171.0, 103.0, 103.0, 160.0, 154.0, 154.0, 148.0, 143.0, 143.0, 143.0, 137.0, 60.0, 74.0, 74.0, 68.0, 80.0, 80.0, 63.0, 137.0, 91.0, 137.0, 63.0, 63.0, 40.0, 51.0, 131.0, 57.0, 46.0, 23.0, 19.0, 17.0, 17.0, 17.0, 14.0, 17.0, 80.0, 80.0, 29.0, 33.0, 33.0, 33.0, 52.0, 27.0]",14.0,1239.0,414.4117647058824,cairo
Cilantro,"inDowntown - Tahrir,Egypt","coffee & tea, Sandwiches, Desserts",https://www.talabat.com/egypt/restaurant/509415/cilantro-downtown--tahrir?aid=7766,102,"[117.0, 117.0, 117.0, 132.0, 102.0, 117.0, 275.0, 275.0, 185.0, 185.0, 165.0, 165.0, 155.0, 155.0, 155.0, 155.0, 165.0, 160.0, 130.0, 130.0, 122.0, 127.0, 115.0, 125.0, 117.0, 112.0, 122.0, 102.0, 102.0, 95.0, 117.0, 117.0, 117.0, 82.0, 87.0, 80.0, 117.0, 117.0, 125.0, 127.0, 122.0, 142.0, 132.0, 132.0, 102.0, 117.0, 127.0, 117.0, 117.0, 87.0, 102.0, 137.0, 127.0, 122.0, 200.0, 160.0, 140.0, 170.0, 160.0, 160.0, 155.0, 155.0, 70.0, 80.0, 75.0, 75.0, 75.0, 75.0, 120.0, 120.0, 120.0, 115.0, 120.0, 125.0, 130.0, 130.0, 130.0, 130.0, 112.0, 50.0, 80.0, 150.0, 150.0, 150.0, 20.0, 20.0, 20.0, 410.0, 410.0, 410.0, 410.0, 320.0, 345.0, 500.0, 435.0, 155.0, 220.0, 505.0, 550.0, 670.0, 239.4, 385.0]",20.0,670.0,164.42549019607844,cairo
Haty Al Sahaba,"inShobra,Egypt","Grills, Shawerma, Sandwiches",https://www.talabat.com/egypt/restaurant/505612/haty-el-sahaba--shobra?aid=7766,110,"[15.0, 50.0, 25.0, 500.0, 250.0, 1600.0, 1500.0, 1100.0, 25.0, 50.0, 1000.0, 750.0, 900.0, 1650.0, 1100.0, 1050.0, 320.0, 430.0, 250.0, 280.0, 470.0, 325.0, 450.0, 320.0, 320.0, 440.0, 300.0, 300.0, 300.0, 300.0, 350.0, 350.0, 350.0, 390.0, 30.0, 30.0, 30.0, 50.0, 50.0, 20.0, 15.0, 25.0, 25.0, 20.0, 20.0, 20.0, 15.0, 35.0, 50.0, 120.0, 140.0, 240.0, 220.0, 430.0, 270.0, 125.0, 425.0, 150.0, 180.0, 125.0, 600.0, 500.0, 400.0, 300.0, 200.0, 450.0, 250.0, 200.0, 350.0, 200.0, 100.0, 50.0, 100.0]",15.0,1650.0,333.83561643835617,cairo
Spectra,"inDokki,Egypt","International, Grills, Healthy , Soup, Chicken, Salad",https://www.talabat.com/egypt/restaurant/503182/spectra--shooting-club-street--dokki?aid=7766,324,"[399.0, 120.0, 399.0, 399.0, 120.0, 445.0, 120.0, 120.0, 120.0, 120.0, 137.0, 120.0, 468.0, 468.0, 251.0, 171.0, 171.0, 171.0, 616.0, 434.0, 228.0, 228.0, 194.0, 308.0, 171.0, 171.0, 228.0, 171.0, 354.0, 297.0, 434.0, 342.0, 251.0, 399.0, 342.0, 342.0, 342.0, 342.0, 342.0, 342.0, 479.0, 434.0, 194.0, 365.0, 194.0, 263.0, 377.0, 479.0, 399.0, 399.0, 582.0, 434.0, 434.0, 445.0, 673.0, 434.0, 434.0, 434.0, 1129.0, 399.0, 1585.0, 434.0, 434.0, 399.0, 434.0, 434.0, 491.0, 491.0, 741.0, 1243.0, 1767.0, 445.0, 445.0, 673.0, 491.0, 2269.0, 1539.0, 662.0, 627.0, 684.0, 662.0, 753.0, 662.0, 730.0, 753.0, 707.0, 2052.0, 1357.0, 650.0, 616.0, 616.0, 582.0, 684.0, 1767.0, 673.0, 673.0, 753.0, 753.0, 2041.0, 468.0, 502.0, 525.0, 593.0, 502.0, 593.0, 103.0, 109.0, 114.0, 92.0, 126.0, 97.0, 103.0, 97.0, 109.0, 109.0, 109.0, 109.0, 411.0, 479.0, 479.0, 582.0, 548.0, 411.0, 605.0, 548.0, 730.0, 730.0, 776.0, 730.0, 582.0, 1095.0, 1528.0, 1881.0, 411.0, 263.0, 263.0, 263.0, 263.0, 308.0, 388.0, 525.0, 274.0, 365.0, 525.0, 320.0, 525.0, 354.0, 274.0, 388.0, 308.0, 228.0, 422.0, 251.0, 399.0, 513.0, 536.0, 513.0, 308.0, 525.0, 228.0, 308.0, 399.0, 422.0, 422.0, 536.0, 536.0, 240.0, 206.0, 217.0, 217.0, 234.0, 240.0, 206.0, 217.0, 217.0, 217.0, 262.0, 262.0, 217.0, 240.0, 217.0, 217.0, 217.0, 183.0, 217.0, 217.0, 240.0, 240.0, 240.0, 263.0, 263.0, 263.0, 263.0, 263.0, 263.0, 342.0, 263.0, 251.0, 22.8, 160.0, 22.8, 22.8, 22.8, 22.8, 22.8, 22.8, 22.8, 114.0, 22.8, 22.8, 22.8, 22.8, 22.8, 22.8, 39.9, 22.8, 22.8, 22.8, 22.8, 46.0, 22.8, 240.0, 217.0, 228.0, 171.0, 217.0, 217.0, 132.0, 149.0, 177.0, 206.0, 137.0, 171.0, 177.0, 194.0, 177.0, 137.0, 137.0, 120.0, 194.0, 217.0, 137.0, 217.0, 40.0, 217.0, 30.0, 177.0, 719.0, 844.0, 627.0, 684.0, 684.0, 639.0, 639.0, 639.0, 109.0, 109.0, 109.0, 109.0, 97.0, 69.0, 80.0, 92.0, 80.0, 92.0, 92.0, 92.0, 52.0, 30.0, 52.0, 52.0, 52.0, 52.0, 52.0, 52.0, 52.0, 52.0, 52.0, 92.0, 80.0, 92.0, 103.0, 103.0, 103.0, 92.0, 69.0, 80.0, 80.0, 92.0, 92.0, 92.0, 109.0, 109.0, 109.0, 109.0, 109.0, 109.0, 109.0, 109.0, 109.0, 109.0, 30.0, 109.0, 109.0, 109.0, 109.0, 109.0, 109.0, 109.0, 109.0, 109.0, 109.0, 75.0, 75.0, 75.0, 75.0, 75.0, 109.0, 109.0, 109.0, 109.0, 109.0, 109.0]",22.8,2269.0,332.7928792569661,cairo
Papa John's Pizza,"inHaram - Wimpy,Egypt","Pizza, Fast Food, Pizza",https://www.talabat.com/egypt/restaurant/502884/papa-johns-pizza--el-mesaha?aid=7766,72,"[200.0, 520.0, 300.0, 460.0, 460.0, 420.0, 625.01, 170.0, 120.0, 200.0, 130.01, 200.0, 170.0, 165.0, 86.0, 111.0, 56.0, 188.0, 165.0, 165.0, 95.0, 135.0, 218.0, 218.0, 218.0, 188.0, 188.0, 165.0, 135.0, 135.0, 10.0, 2.0, 110.0, 79.0, 95.0, 25.0, 60.0, 35.0, 20.0]",2.0,625.01,180.5646153846154,cairo
Misr El-Kheir,"inDowntown - Magra El Ouyon,Egypt",Charity,https://www.talabat.com/egypt/restaurant/505157/misr-el-kheir?aid=7766,18,"[100.0, 100.0, 100.0, 500.0, 300.0, 600.0, 11900.0, 100.0, 550.0, 480.0, 100.0, 100.0, 100.0, 600.0, 500.0, 300.0, 6000.0, 600.0]",100.0,11900.0,1279.4444444444443,cairo
Mousa Coffee,"inDowntown - Tahrir,Egypt","Coffee & Tea, Sandwiches, Beverages",https://www.talabat.com/egypt/restaurant/507878/mousa-coffee-downtown--tahrir?aid=7766,76,"[130.0, 138.0, 138.0, 120.0, 145.0, 195.0, 113.0, 113.0, 123.0, 130.0, 112.0, 103.0, 103.0, 115.0, 120.0, 73.0, 78.0, 80.0, 85.0, 85.0, 70.0, 130.0, 137.0, 150.0, 145.0, 138.0, 150.0, 128.0, 120.0, 128.0, 160.0, 138.0, 138.0, 128.0, 138.0, 155.0, 138.0, 138.0, 138.0, 138.0, 138.0, 138.0, 90.0, 90.0, 90.0, 120.0, 120.0, 75.0, 85.0, 120.0, 75.0, 150.0, 110.0, 130.0, 160.0, 20.0, 86.0]",20.0,195.0,119.3157894736842,cairo
La Pomme,"inGiza,Egypt","Pizza, Desserts, Cakes",https://www.talabat.com/egypt/restaurant/505141/la-pomme--giza?aid=7766,128,"[1.0, 380.0, 278.0, 570.0, 863.0, 126.0, 138.0, 126.0, 35.0, 12.0, 140.0, 165.0, 140.0, 145.0, 140.0, 155.0, 140.0, 1.0, 1.0, 1.0, 1.0, 1.0, 1.0, 1.0, 1.0, 1.0, 1.0, 1.0, 1.0, 1.0, 1.0, 1.0, 1.0, 1.0, 1.0, 1.0, 1.0, 1.0, 1.0, 1.0, 1.0, 1.0, 1.0, 1.0, 1.0, 1.0, 75.0, 460.0, 490.0, 715.0, 175.0, 140.0, 135.0, 120.0, 155.0, 190.0, 185.0, 610.0, 655.0, 645.0, 620.0, 800.0, 380.0, 75.0, 85.0, 85.0, 85.0, 40.0, 40.0, 40.0, 55.0, 55.0, 75.0, 65.0, 65.0, 65.0, 84.0, 84.0, 84.0, 84.0, 84.0, 490.0, 1.0, 455.0, 390.0, 175.0, 35.0, 45.0, 30.0, 105.0, 80.0, 80.0, 80.0, 70.0, 65.0, 1100.0]",1.0,1100.0,151.91666666666666,cairo
WAFFLICIOUS,"inDokki - El Dokki Street,Egypt","Desserts, Breakfast, Waffles, Cakes",https://www.talabat.com/egypt/restaurant/502267/wafflicious--dokki--tmp?aid=7766,116,"[112.86, 112.86, 127.68, 206.34, 127.68, 140.22, 114.0, 114.0, 131.0, 96.9, 96.9, 96.9, 96.9, 96.9, 119.7, 125.4, 136.8, 119.7, 82.08, 98.04, 92.34, 101.46, 107.16, 92.34, 157.32, 185.82, 127.68, 168.72, 158.46, 164.16, 164.16, 191.52, 218.88, 270.18, 151.62, 127.68, 175.56, 192.66, 112.86, 99.18, 83.22, 83.22, 112.86, 99.18, 83.22, 151.62, 140.22, 150.48, 131.1, 254.22, 206.34, 175.56, 237.12, 54.72, 102.6, 144.78, 108.3, 176.7, 86.64, 86.64, 86.64, 86.64, 484.5, 547.2, 627.0, 513.0, 513.0, 627.0, 484.5, 547.2, 136.8, 136.8, 165.3, 165.3, 136.8, 142.5, 114.0, 119.7, 119.7, 125.4, 142.5, 153.9, 153.9, 153.9, 147.06, 153.9, 114.0, 75.24, 107.16, 107.16, 107.16, 107.16, 107.16, 114.0, 119.7, 125.4, 103.74, 103.74, 117.42, 128.82, 72.96, 96.9, 85.5, 96.9, 96.9, 79.8, 221.16, 250.8, 319.2, 250.8, 41.04, 87.78, 172.14, 143.7, 149.4]",41.04,627.0,161.46382608695654,cairo
