Restaurant,Location,Cuisines,URL,Total_Items,Prices_List,Min_Price,Max_Price,Avg_Price
Mince,"inGiza,Egypt","Burgers, Fast Food, American",https://www.talabat.com/egypt/restaurant/514551/mince-giza?aid=7766,86,"[240.0, 105.0, 195.0, 195.0, 90.0, 150.0, 150.0, 190.0, 65.0, 105.0, 145.0, 65.0, 160.0, 150.0, 160.0, 155.0, 120.0, 155.0, 90.0, 150.0, 150.0, 145.0, 80.0, 55.0, 60.0, 60.0, 90.0, 110.0, 210.0, 210.0, 210.0, 210.0, 195.0, 225.0, 195.0, 240.0, 210.0, 230.0, 195.0, 205.0, 200.0, 180.0, 195.0, 210.0, 200.0, 200.0, 205.0, 195.0, 280.0, 140.0, 200.0, 240.0, 135.0, 120.0, 140.0, 110.0, 130.0, 180.0, 190.0, 180.0, 175.0, 60.0, 45.0, 45.0, 45.0, 50.0, 55.0, 20.0, 20.0, 15.0, 20.0, 15.0, 15.0, 35.0, 20.0, 40.0, 20.0, 10.0, 20.0]",10.0,280.0,132.59493670886076
Kyoto Sushi,"inDokki - Mosaddak,Egypt","Sushi, Japanese , Asian",https://www.talabat.com/egypt/restaurant/649438/kyoto-sushi-dokki--mosaddak?aid=7766,238,"[638.4, 191.5, 273.6, 285.0, 656.6, 250.8, 250.8, 273.6, 250.8, 146.0, 285.0, 250.8, 285.0, 285.0, 164.2, 164.2, 285.0, 250.8, 250.8, 285.0, 228.0, 148.2, 273.6, 410.4, 410.4, 73.0, 38.8, 19.4, 260.0, 260.0, 260.0, 202.92, 260.0, 260.0, 260.0, 260.0, 148.2, 171.0, 262.2, 262.2, 262.2, 262.2, 262.2, 638.4, 410.4, 581.4, 656.6, 996.4, 1055.6, 1550.4, 1824.0, 2565.0, 2918.4, 3892.0, 136.8, 125.4, 136.8, 52.4, 96.9, 136.8, 68.4, 262.2, 59.3, 148.2, 142.5, 399.0, 228.8, 399.0, 399.0, 74.1, 296.4, 330.6, 296.0, 250.8, 273.6, 250.8, 146.0, 285.0, 250.8, 285.0, 285.0, 164.2, 164.2, 285.0, 250.8, 250.8, 285.0, 228.0, 148.2, 273.6, 34.2, 34.2, 34.2, 31.9, 25.1, 31.9, 31.9, 17.1, 18.2, 34.2, 34.2, 34.2, 34.2, 34.2, 34.2, 34.2, 34.2, 34.2, 410.4, 410.4, 73.0, 38.8, 19.4, 364.8, 364.8, 364.8, 364.8, 273.6, 273.6, 273.6, 228.0, 228.0, 273.6, 228.0, 273.6, 193.8, 273.6, 273.6, 273.6, 260.0, 260.0, 260.0, 202.92, 260.0, 260.0, 260.0, 260.0, 148.2, 171.0, 171.0, 171.0, 171.0, 171.0, 171.0, 171.0, 112.9, 112.9, 262.2, 262.2, 262.2, 262.2, 262.2, 112.86, 44.5, 44.5, 131.1, 131.1, 131.1, 131.1, 131.1, 44.5, 131.1, 85.5, 131.1, 131.1, 131.1, 399.0, 399.0, 342.0, 34.2, 34.2, 34.2, 34.2, 68.4, 159.6, 191.5, 239.4, 287.3, 319.2, 351.1, 478.8, 638.4, 410.4, 581.4, 656.6, 996.4, 1055.6, 1550.4, 1824.0, 2565.0, 2918.4, 3892.0]",17.1,3892.0,358.61197916666634
Mo'men,"inAl Manial,Egypt","Sandwiches, Fish & Seafood, Burgers, Chicken",https://www.talabat.com/egypt/restaurant/502351/momen--al-manial?aid=7766,112,"[406.0, 430.0, 250.0, 40.0, 406.0, 980.0, 430.0, 250.0, 240.0, 333.0, 331.0, 339.0, 392.0, 500.0, 639.0, 531.0, 746.0, 800.0, 923.0, 406.0, 376.5, 427.5, 240.0, 980.0, 430.0, 250.0, 240.0, 333.0, 331.0, 339.0, 392.0, 500.0, 639.0, 531.0, 746.0, 800.0, 923.0, 451.0, 257.0, 257.0, 257.0, 182.0, 182.0, 194.0, 308.0, 63.0, 68.0, 302.0, 268.0, 250.0, 307.0, 250.0, 228.0, 57.0, 17.0, 17.0, 46.0, 137.0, 63.0, 86.0, 86.0, 74.0, 74.0, 80.0, 60.5, 17.0, 17.0, 17.0, 17.0, 19.0, 23.0, 17.0, 40.0, 63.0, 154.0, 97.0, 103.0, 131.0, 29.0, 33.0, 33.0, 33.0, 52.0, 27.0, 13.0]",13.0,980.0,275.3705882352941
Costa Coffee,"inDowntown - Abdin,Egypt","coffee & tea, Sandwiches, Desserts",https://www.talabat.com/egypt/restaurant/502873/costa-coffee--sherif-streettgo?aid=7766,83,"[95.0, 80.0, 100.0, 95.0, 105.0, 95.0, 200.0, 220.0, 185.0, 95.0, 95.0, 100.0, 80.0, 105.0, 105.0, 100.0, 70.0, 70.0, 70.0, 65.0, 105.0, 100.0, 60.0, 100.0, 100.0, 100.0, 95.0, 100.0, 100.0, 110.0, 125.0, 80.0, 105.0, 100.0, 100.0, 105.0, 105.0, 100.0, 95.0, 95.0, 145.0, 120.0, 110.0, 110.0, 110.0, 120.0, 125.0, 120.0, 160.0, 160.0, 180.0, 120.0, 180.0, 90.0, 85.0, 70.0, 55.0, 95.0, 110.0, 70.0, 70.0, 110.0, 110.0, 110.0, 90.0, 70.0, 99.0, 120.0, 75.0, 75.0, 90.0, 150.0, 150.0, 150.0, 165.0, 155.0, 95.0, 40.0, 90.0, 90.0, 90.0, 25.0, 40.0]",25.0,220.0,104.86746987951807
Recota,"inAnwar El Sadat,Egypt","Pizza, Desserts, Fast Food",https://www.talabat.com/egypt/restaurant/508082/recota-al-manial?aid=7766,82,"[70.0, 70.0, 70.0, 70.0, 110.0, 120.0, 120.0, 120.0]",70.0,120.0,93.75
City Drink,"inAl Manial,Egypt","Beverages, Beverages, Desserts",https://www.talabat.com/egypt/restaurant/680200/city-drink-al-manial?aid=7766,246,"[320.0, 70.0, 350.0, 300.0, 60.0, 60.0, 60.0, 60.0, 60.0, 60.0, 60.0, 75.0, 75.0, 60.0, 20.0, 350.0, 160.0, 150.0, 150.0, 150.0, 250.0, 175.0, 160.0, 225.0, 300.0, 140.0, 160.0, 80.0, 130.0, 125.0, 110.0, 80.0, 100.0, 80.0, 80.0, 140.0, 175.0, 160.0, 190.0, 320.0, 400.0, 400.0, 350.0, 30.0, 25.0, 30.0, 50.0, 45.0, 50.0, 35.0, 70.0, 105.0, 55.0, 70.0, 95.0, 300.0]",20.0,400.0,141.78571428571428
Mawlay,"inGarden City,Egypt","Arabic, Egyptian",https://www.talabat.com/egypt/restaurant/771138/mawlay-garden-city?aid=7766,90,"[90.0, 380.0, 165.0, 720.0, 350.0, 110.0, 100.0, 180.0, 195.0, 70.0, 165.0, 195.0, 195.0, 195.0, 125.0, 240.0, 150.0, 135.0, 140.0, 140.0, 140.0, 380.0, 720.0, 319.0, 299.0, 299.0, 390.0, 260.0, 350.0, 260.0, 405.0, 510.0, 422.0, 345.0, 625.0, 535.0, 350.0, 375.0, 310.0, 510.0, 350.0, 410.0, 225.0, 90.0, 440.0, 530.0, 300.0, 295.0, 125.0, 465.0, 375.0, 710.0, 420.0, 75.0, 50.0, 50.0, 70.0, 50.0, 60.0, 55.0, 60.0, 60.0, 45.0, 55.0, 45.0, 60.0, 85.0, 65.0, 75.0, 70.0, 55.0, 165.0, 70.0, 55.0, 95.0, 20.0, 65.0]",20.0,720.0,235.5064935064935
Cook Door,"inAl Manial,Egypt","Sandwiches, Burgers, Fast Food",https://www.talabat.com/egypt/restaurant/510616/cook-door-al-manial--tgo?aid=7766,71,"[90.0, 325.0, 964.0, 450.0, 600.0, 639.0, 964.0, 450.0, 600.0, 639.0, 220.0, 245.0, 230.0, 260.0, 520.0, 520.0, 290.0, 115.0, 115.0, 290.0, 185.0, 450.0, 155.0, 155.0, 360.0, 360.0, 360.0, 360.0, 345.0, 325.0, 315.0, 60.0, 120.0, 60.0, 90.0, 220.0, 245.0, 230.0, 260.0, 80.0, 49.0, 40.0, 25.0, 20.0, 5.0, 20.0, 20.0, 20.0, 20.0, 20.0, 25.0, 25.0, 20.0]",5.0,964.0,256.0377358490566
SIRAJ,"inMohandesin - Jazerat El Arab,Egypt","International, Beverages",https://www.talabat.com/egypt/restaurant/796833/siraj-mohandesin--jazerat-el-arab?aid=7766,131,"[65.0, 70.0, 590.0, 65.0, 250.0, 170.0, 1700.0, 2550.0, 2050.0, 1050.0, 1150.0, 1700.0, 1800.0, 910.0, 910.0, 910.0, 730.0, 590.0, 790.0, 815.0, 590.0, 450.0, 40.0, 190.0, 140.0, 140.0, 155.0, 155.0, 140.0, 155.0, 320.0, 230.0, 280.0, 350.0, 310.0, 300.0, 350.0, 350.0, 150.0, 130.0, 170.0, 310.0, 280.0, 150.0, 190.0, 170.0, 150.0, 150.0, 160.0, 65.0, 65.0, 65.0, 70.0, 150.0, 50.0]",40.0,2550.0,472.45454545454544
Vinny's Pizzeria,"inZamalek,Egypt","Pizza, Desserts, Salad",https://www.talabat.com/egypt/restaurant/503502/vinnys-pizza--zamalek?aid=7766,84,"[15.0, 50.0, 40.0, 15.0, 473.0, 558.0, 775.0, 849.0, 458.0, 1107.0, 473.0, 558.0, 775.0, 849.0, 458.0, 1107.0, 40.0, 15.0, 15.0, 15.0, 15.0, 15.0, 175.0, 120.0, 70.0, 50.0, 60.0, 50.0, 35.0, 35.0, 35.0, 35.0, 35.0, 15.0, 35.0, 250.0, 230.0, 250.0]",15.0,1107.0,267.2368421052632
KFC,"inAl Manial,Egypt","Fried chicken, Sandwiches, Fast Food, Chicken",https://www.talabat.com/egypt/restaurant/658817/kfc-manial-kfc--tmp?aid=7766,117,"[109.0, 65.0, 40.0, 240.0, 630.0, 299.0, 288.0, 288.0, 375.0, 375.0, 299.0, 430.0, 630.0, 334.0, 240.0, 340.0, 510.0, 340.0, 255.0, 189.0, 210.0, 200.0, 240.0, 360.0, 446.0, 445.0, 535.0, 189.0, 255.0, 210.0, 180.0, 180.0, 288.0, 260.0, 288.0, 260.0, 375.0, 375.0, 299.0, 430.0, 630.0, 334.0, 240.0, 340.0, 510.0, 340.0, 255.0, 189.0, 210.0, 200.0, 240.0, 360.0, 294.0, 446.0, 445.0, 535.0, 399.0, 205.0, 350.0, 189.0, 695.0, 920.0, 545.0, 770.0, 725.0, 840.0, 950.0, 1055.0, 810.0, 660.0, 1025.0, 875.0, 629.0, 685.0, 255.0, 325.0, 149.0, 210.0, 215.0, 245.0, 250.0, 255.0, 285.0, 255.0, 155.0, 170.0, 155.0, 110.0, 110.0, 110.0, 205.0, 210.0, 210.0, 125.0, 125.0, 65.0, 40.0, 30.0, 60.0, 3.0, 90.0, 130.0, 110.0, 180.0, 109.0, 90.0, 90.0, 125.0, 65.0, 40.0, 7.0, 84.0, 84.0, 35.0, 35.0, 35.0, 34.0]",3.0,1055.0,306.54700854700855
Heart Attack,"inAl Manial,Egypt","Fried chicken, Sandwiches, Burgers",https://www.talabat.com/egypt/restaurant/639933/heart-attack-al-manial--tgo?aid=7766,103,"[15.0, 70.0, 70.0, 70.0, 70.0, 270.0, 700.0, 850.0, 690.0, 945.0, 380.0, 350.0, 450.0, 270.0, 450.0, 270.0, 360.0, 180.0, 380.0, 195.0, 225.0, 350.0, 320.0, 780.0, 400.0, 610.0, 1000.0, 1070.0, 700.0, 850.0, 690.0, 945.0, 380.0, 180.0, 350.0, 490.0, 450.0, 270.0, 450.0, 270.0, 360.0, 180.0, 380.0, 195.0, 225.0, 350.0, 170.0, 170.0, 170.0, 170.0, 230.0, 230.0, 200.0, 245.0, 200.0, 195.0, 200.0, 110.0, 195.0, 195.0, 135.0, 110.0, 110.0, 110.0, 110.0, 220.0, 95.0, 320.0, 170.0, 230.0, 395.0, 780.0, 400.0, 610.0, 755.0, 1000.0, 1070.0, 110.0, 110.0, 125.0, 235.0, 65.0, 90.0, 100.0, 90.0, 65.0, 125.0, 100.0, 5.0, 50.0, 60.0, 70.0, 70.0, 200.0, 70.0, 50.0, 30.0, 70.0, 50.0, 15.0, 30.0, 30.0, 15.0]",5.0,1070.0,299.36893203883494
New Wadi El Nile,"inDowntown,Egypt","Fish & Seafood, Street Food, Fish & chips",https://www.talabat.com/egypt/restaurant/776648/new-wadi-el-nile-downtown--ramsis?aid=7766,97,"[3.0, 1350.0, 120.0, 1350.0, 300.0, 300.0, 160.0, 150.0, 1.0, 1.0, 170.0, 215.0, 320.0, 350.0, 300.0, 300.0, 300.0, 250.0, 400.0, 450.0, 350.0, 320.0, 350.0, 450.0, 500.0, 450.0, 425.0, 90.0, 100.0, 400.0, 280.0, 100.0, 90.0, 280.0, 300.0, 250.0, 270.0, 250.0, 60.0, 260.0, 240.0, 220.0, 400.0, 625.0, 300.0, 400.0, 350.0, 220.0, 300.0, 400.0, 300.0, 260.0, 270.0, 150.0, 150.0, 120.0, 10.0, 10.0, 10.0, 3.0, 10.0, 20.0]",1.0,1350.0,276.33870967741933
Pizza Master,"inDowntown - Magales El Sha'ab,Egypt","Pizza, Fast Food, Pasta, Pizza",https://www.talabat.com/egypt/restaurant/518625/pizza-master-downtown--magales-el-shaab?aid=7766,65,"[800.0, 700.0, 1100.0, 280.0, 900.0, 280.0, 700.0, 900.0, 800.0, 1100.0, 280.0, 700.0, 900.0, 800.0, 1100.0, 100.0, 210.0, 55.0, 110.0, 75.0, 35.0, 50.0]",35.0,1100.0,544.3181818181819
Red Elephant,"inMohandiseen,Egypt","Indian , Fish & Seafood, Seyami, Grills, Healthy , Beverages, Soup, Chicken, Vegan, Vegetarian, South Indian, Salad, Indian, Indian, Asian, Chinese, Asian",https://www.talabat.com/egypt/restaurant/515548/red-elephant-mohandesin--jazerat-el-arab?aid=7766,171,"[65.0, 330.0, 65.0, 490.0, 330.0, 330.0, 450.0, 1600.0, 330.0, 330.0, 330.0, 330.0, 330.0, 330.0, 350.0, 350.0, 350.0, 350.0, 350.0, 925.0, 450.0, 1600.0, 105.0, 110.0, 175.0, 95.0, 180.0, 90.0, 90.0, 95.0, 95.0, 98.0, 135.0, 115.0, 98.0, 115.0, 95.0, 75.0, 75.0, 75.0, 95.0, 235.0, 315.0, 310.0, 315.0, 325.0, 315.0, 315.0, 310.0, 320.0, 315.0, 315.0, 315.0, 370.0, 360.0, 340.0, 370.0, 370.0, 225.0, 240.0, 235.0, 235.0, 235.0, 205.0, 240.0, 170.0, 205.0, 250.0, 295.0, 305.0, 350.0, 530.0, 585.0, 195.0, 225.0, 95.0, 115.0, 105.0, 75.0, 55.0, 65.0, 65.0, 55.0, 55.0, 65.0, 45.0, 285.0, 285.0, 285.0, 285.0, 285.0, 310.0, 285.0, 285.0, 295.0, 295.0, 325.0, 325.0, 340.0, 325.0, 325.0, 325.0, 120.0, 155.0, 85.0, 100.0, 75.0, 95.0, 55.0, 70.0, 130.0, 150.0, 140.0, 165.0, 170.0, 205.0, 270.0, 310.0, 205.0, 235.0, 45.0, 235.0, 75.0, 55.0, 55.0, 95.0, 90.0, 95.0, 75.0, 75.0, 225.0, 630.0, 630.0, 630.0, 630.0, 630.0, 350.0, 350.0, 380.0, 490.0, 490.0, 245.0, 1150.0, 65.0, 78.0, 70.0, 55.0, 55.0, 60.0, 65.0, 75.0, 70.0, 35.0, 20.0, 25.0, 40.0, 35.0, 25.0, 65.0, 50.0, 40.0, 40.0, 35.0, 35.0, 30.0, 90.0, 90.0, 90.0]",20.0,1600.0,238.50595238095238
Burger King,"inAl Manial,Egypt","Burgers, Fast Food",https://www.talabat.com/egypt/restaurant/507781/burger-king-al-manial?aid=7766,83,"[205.0, 299.0, 275.0, 70.0, 110.0, 110.0, 219.0, 219.0, 299.0, 315.0, 375.0, 275.0, 299.0, 219.0, 219.0, 299.0, 310.0, 310.0, 315.0, 375.0, 260.0, 300.0, 299.0, 400.0, 309.0, 360.0, 219.0, 315.0, 205.0, 429.0, 435.0, 460.0, 299.0, 380.0, 309.0, 309.0, 275.0, 259.0, 159.0, 470.0, 360.0, 110.0, 100.0, 75.0, 120.0, 60.0, 80.0, 90.0, 150.0, 110.0, 60.0, 25.0, 60.0, 55.0, 25.0, 25.0, 60.0, 340.0, 369.0, 375.0, 400.0, 410.0, 300.0, 250.0, 250.0, 249.0, 249.0, 320.0, 199.0, 215.0, 239.0, 99.0, 60.0, 70.0, 249.0, 239.0, 159.0, 145.0, 140.0, 120.0, 140.0, 140.0]",25.0,470.0,229.9878048780488
Mr. Koko,"inDowntown - Abdin,Egypt","Burgers, Arabic, Sandwiches",https://www.talabat.com/egypt/restaurant/764690/mr-koko-downtown--abdin?aid=7766,73,"[155.0, 30.0, 70.0, 155.0, 155.0, 155.0, 155.0, 155.0, 195.0, 215.0, 215.0, 185.0, 195.0, 195.0, 185.0, 185.0, 70.0, 100.0, 100.0, 60.0, 90.0, 90.0, 95.0, 95.0, 20.0, 20.0, 20.0, 15.0, 20.0, 25.0, 30.0, 30.0, 30.0, 20.0, 20.0, 20.0, 25.0]",15.0,215.0,97.16216216216216
Hawawshi El Refaay,"inDowntown - Abdin,Egypt","Grills, Arabic",https://www.talabat.com/egypt/restaurant/508259/hawawshi-el-refaay-downtown--abdin?aid=7766,69,"[115.0, 100.0, 20.0, 75.0, 20.0, 120.0, 126.0, 129.05, 119.0, 234.05, 100.0, 105.0, 115.0, 120.0, 135.0, 105.0, 120.0, 135.0, 150.0, 130.0, 130.0, 140.0, 110.0, 145.0, 125.0, 130.0, 130.0, 140.0, 160.0, 170.0, 165.0, 220.0, 145.0, 115.0, 135.0, 150.0, 145.0, 155.0, 155.0, 145.0, 140.0, 100.0, 115.0, 125.0, 140.0, 170.0, 20.0, 20.0, 20.0, 25.0, 10.0, 60.0, 75.0, 70.0, 40.0, 60.0, 75.0, 15.0, 15.0, 15.0, 15.0, 620.0, 670.0, 790.0, 540.0, 30.0, 15.0, 35.0, 40.0]",10.0,790.0,134.0304347826087
99CUPS,"inAl Manial - El Rawda,Egypt","Coffee & Tea, Cafe, Beverages",https://www.talabat.com/egypt/restaurant/771884/99cups-al-manial?aid=7766,40,"[25.0, 45.0, 25.0, 65.0, 55.0, 95.0, 95.0, 95.0, 95.0, 95.0, 115.0, 115.0, 75.0, 75.0, 95.0, 95.0, 75.0, 95.0, 95.0, 65.0, 80.0, 25.0, 95.0, 95.0, 95.0, 95.0, 85.0, 85.0, 75.0, 75.0, 75.0, 65.0, 65.0, 75.0, 55.0, 65.0, 45.0, 25.0]",25.0,115.0,75.39473684210526
Buffalo Burger,"inAl Manial,Egypt","Burgers, Sandwiches",https://www.talabat.com/egypt/restaurant/700435/buffalo-burger-al-manial--tgo?aid=7766,84,"[189.0, 265.0, 525.0, 950.0, 189.0, 299.0, 225.0, 162.0, 162.0, 167.0, 183.0, 183.0, 224.0, 224.0, 250.0, 250.0, 255.0, 271.0, 271.0, 312.0, 312.0, 227.0, 252.0, 226.0, 221.0, 274.0, 281.0, 222.0, 252.0, 227.0, 287.0, 276.0, 216.0, 238.0, 315.0, 340.0, 314.0, 309.0, 362.0, 369.0, 310.0, 340.0, 315.0, 375.0, 364.0, 304.0, 326.0, 228.0, 222.0, 227.0, 305.0, 299.0, 304.0, 201.0, 214.0, 202.0, 261.0, 285.0, 298.0, 286.0, 345.0, 260.0, 145.0, 65.0, 710.0, 116.0, 90.0, 110.0, 154.0, 121.0, 55.0, 116.0, 15.0, 30.0, 15.0, 15.0, 15.0, 3.0, 15.0, 10.0, 110.0, 110.0, 16.0, 42.0]",3.0,950.0,231.25
Over dozzz,"inAl Manial,Egypt","Burgers, Fast Food, Pasta, Arabic, American, Sandwiches",https://www.talabat.com/egypt/restaurant/757538/over-dozzz-al-manial?aid=7766,81,"[165.0, 120.0, 120.0, 50.0, 135.0, 180.0, 210.0, 180.0, 200.0, 290.0, 200.0, 180.0, 180.0, 165.0, 165.0, 115.0, 210.0, 180.0, 195.0, 300.0, 195.0, 200.0, 290.0, 200.0, 200.0, 200.0, 180.0, 50.0, 50.0, 75.0, 80.0, 150.0, 199.0, 100.0, 110.0, 245.0, 265.0, 280.0, 200.0, 150.0, 200.0, 180.0, 135.0, 165.0, 165.0, 115.0, 115.0, 75.0, 100.0, 55.0, 70.0, 120.0, 30.0, 55.0, 45.0, 55.0, 50.0, 40.0, 40.0, 40.0, 35.0, 15.0, 75.0, 100.0, 120.0, 100.0, 45.0, 130.0, 130.0, 140.0, 15.0, 20.0, 150.0, 110.0, 75.0, 80.0, 120.0, 120.0, 45.0]",15.0,300.0,132.0759493670886
Pizza King,"inAl Manial,Egypt","Pizza, Pasta, Pizza, Italian",https://www.talabat.com/egypt/restaurant/502838/pizza-king--al-manial?aid=7766,154,"[131.0, 63.0, 60.0, 51.0, 137.0, 330.0, 710.0, 356.0, 371.0, 363.0, 431.0, 631.0, 993.0, 1016.0, 642.0, 400.0, 477.0, 554.0, 616.0, 862.0, 577.0, 662.0, 723.0, 816.0, 1108.0, 623.0, 731.0, 854.0, 1008.0, 1239.0, 585.0, 662.0, 739.0, 846.0, 1123.0, 330.0, 350.0, 356.0, 478.0, 710.0, 356.0, 371.0, 363.0, 431.0, 631.0, 993.0, 1016.0, 331.0, 642.0, 251.0, 359.0, 336.0, 433.0, 400.0, 477.0, 554.0, 616.0, 862.0, 577.0, 662.0, 723.0, 816.0, 1108.0, 623.0, 731.0, 854.0, 1008.0, 1239.0, 585.0, 662.0, 739.0, 846.0, 1123.0, 165.0, 165.0, 188.0, 171.0, 103.0, 103.0, 160.0, 154.0, 154.0, 148.0, 143.0, 143.0, 143.0, 137.0, 60.0, 74.0, 74.0, 68.0, 80.0, 80.0, 63.0, 137.0, 91.0, 137.0, 63.0, 63.0, 40.0, 51.0, 131.0, 57.0, 46.0, 23.0, 19.0, 17.0, 17.0, 17.0, 14.0, 17.0, 80.0, 80.0, 29.0, 33.0, 33.0, 33.0, 52.0, 27.0]",14.0,1239.0,414.4117647058824
Cilantro,"inDowntown - Tahrir,Egypt","coffee & tea, Sandwiches, Desserts",https://www.talabat.com/egypt/restaurant/509415/cilantro-downtown--tahrir?aid=7766,102,"[117.0, 117.0, 117.0, 132.0, 102.0, 117.0, 275.0, 275.0, 185.0, 185.0, 165.0, 165.0, 155.0, 155.0, 155.0, 155.0, 165.0, 160.0, 130.0, 130.0, 122.0, 127.0, 115.0, 125.0, 117.0, 112.0, 122.0, 102.0, 102.0, 95.0, 117.0, 117.0, 117.0, 82.0, 87.0, 80.0, 117.0, 117.0, 125.0, 127.0, 122.0, 142.0, 132.0, 132.0, 102.0, 117.0, 127.0, 117.0, 117.0, 87.0, 102.0, 137.0, 127.0, 122.0, 200.0, 160.0, 140.0, 170.0, 160.0, 160.0, 155.0, 155.0, 70.0, 80.0, 75.0, 75.0, 75.0, 75.0, 120.0, 120.0, 120.0, 115.0, 120.0, 125.0, 130.0, 130.0, 130.0, 130.0, 112.0, 50.0, 80.0, 150.0, 150.0, 150.0, 20.0, 20.0, 20.0, 410.0, 410.0, 410.0, 410.0, 320.0, 345.0, 500.0, 435.0, 155.0, 220.0, 505.0, 550.0, 670.0, 239.4, 385.0]",20.0,670.0,164.42549019607844
Haty Al Sahaba,"inShobra,Egypt","Grills, Shawerma, Sandwiches",https://www.talabat.com/egypt/restaurant/505612/haty-el-sahaba--shobra?aid=7766,110,"[15.0, 50.0, 25.0, 500.0, 250.0, 1600.0, 1500.0, 1100.0, 25.0, 50.0, 1000.0, 750.0, 900.0, 1650.0, 1100.0, 1050.0, 320.0, 430.0, 250.0, 280.0, 470.0, 325.0, 450.0, 320.0, 320.0, 440.0, 300.0, 300.0, 300.0, 300.0, 350.0, 350.0, 350.0, 390.0, 30.0, 30.0, 30.0, 50.0, 50.0, 20.0, 15.0, 25.0, 25.0, 20.0, 20.0, 20.0, 15.0, 35.0, 50.0, 120.0, 140.0, 240.0, 220.0, 430.0, 270.0, 125.0, 425.0, 150.0, 180.0, 125.0, 600.0, 500.0, 400.0, 300.0, 200.0, 450.0, 250.0, 200.0, 350.0, 200.0, 100.0, 50.0, 100.0]",15.0,1650.0,333.83561643835617
Spectra,"inDokki,Egypt","International, Grills, Healthy , Soup, Chicken, Salad",https://www.talabat.com/egypt/restaurant/503182/spectra--shooting-club-street--dokki?aid=7766,324,"[399.0, 120.0, 399.0, 399.0, 120.0, 445.0, 120.0, 120.0, 120.0, 120.0, 137.0, 120.0, 468.0, 468.0, 251.0, 171.0, 171.0, 171.0, 616.0, 434.0, 228.0, 228.0, 194.0, 308.0, 171.0, 171.0, 228.0, 171.0, 354.0, 297.0, 434.0, 342.0, 251.0, 399.0, 342.0, 342.0, 342.0, 342.0, 342.0, 342.0, 479.0, 434.0, 194.0, 365.0, 194.0, 263.0, 377.0, 479.0, 399.0, 399.0, 582.0, 434.0, 434.0, 445.0, 673.0, 434.0, 434.0, 434.0, 1129.0, 399.0, 1585.0, 434.0, 434.0, 399.0, 434.0, 434.0, 491.0, 491.0, 741.0, 1243.0, 1767.0, 445.0, 445.0, 673.0, 491.0, 2269.0, 1539.0, 662.0, 627.0, 684.0, 662.0, 753.0, 662.0, 730.0, 753.0, 707.0, 2052.0, 1357.0, 650.0, 616.0, 616.0, 582.0, 684.0, 1767.0, 673.0, 673.0, 753.0, 753.0, 2041.0, 468.0, 502.0, 525.0, 593.0, 502.0, 593.0, 103.0, 109.0, 114.0, 92.0, 126.0, 97.0, 103.0, 97.0, 109.0, 109.0, 109.0, 109.0, 411.0, 479.0, 479.0, 582.0, 548.0, 411.0, 605.0, 548.0, 730.0, 730.0, 776.0, 730.0, 582.0, 1095.0, 1528.0, 1881.0, 411.0, 263.0, 263.0, 263.0, 263.0, 308.0, 388.0, 525.0, 274.0, 365.0, 525.0, 320.0, 525.0, 354.0, 274.0, 388.0, 308.0, 228.0, 422.0, 251.0, 399.0, 513.0, 536.0, 513.0, 308.0, 525.0, 228.0, 308.0, 399.0, 422.0, 422.0, 536.0, 536.0, 240.0, 206.0, 217.0, 217.0, 234.0, 240.0, 206.0, 217.0, 217.0, 217.0, 262.0, 262.0, 217.0, 240.0, 217.0, 217.0, 217.0, 183.0, 217.0, 217.0, 240.0, 240.0, 240.0, 263.0, 263.0, 263.0, 263.0, 263.0, 263.0, 342.0, 263.0, 251.0, 22.8, 160.0, 22.8, 22.8, 22.8, 22.8, 22.8, 22.8, 22.8, 114.0, 22.8, 22.8, 22.8, 22.8, 22.8, 22.8, 39.9, 22.8, 22.8, 22.8, 22.8, 46.0, 22.8, 240.0, 217.0, 228.0, 171.0, 217.0, 217.0, 132.0, 149.0, 177.0, 206.0, 137.0, 171.0, 177.0, 194.0, 177.0, 137.0, 137.0, 120.0, 194.0, 217.0, 137.0, 217.0, 40.0, 217.0, 30.0, 177.0, 719.0, 844.0, 627.0, 684.0, 684.0, 639.0, 639.0, 639.0, 109.0, 109.0, 109.0, 109.0, 97.0, 69.0, 80.0, 92.0, 80.0, 92.0, 92.0, 92.0, 52.0, 30.0, 52.0, 52.0, 52.0, 52.0, 52.0, 52.0, 52.0, 52.0, 52.0, 92.0, 80.0, 92.0, 103.0, 103.0, 103.0, 92.0, 69.0, 80.0, 80.0, 92.0, 92.0, 92.0, 109.0, 109.0, 109.0, 109.0, 109.0, 109.0, 109.0, 109.0, 109.0, 109.0, 30.0, 109.0, 109.0, 109.0, 109.0, 109.0, 109.0, 109.0, 109.0, 109.0, 109.0, 75.0, 75.0, 75.0, 75.0, 75.0, 109.0, 109.0, 109.0, 109.0, 109.0, 109.0]",22.8,2269.0,332.7928792569661
Papa John's Pizza,"inHaram - Wimpy,Egypt","Pizza, Fast Food, Pizza",https://www.talabat.com/egypt/restaurant/502884/papa-johns-pizza--el-mesaha?aid=7766,72,"[200.0, 520.0, 300.0, 460.0, 460.0, 420.0, 625.01, 170.0, 120.0, 200.0, 130.01, 200.0, 170.0, 165.0, 86.0, 111.0, 56.0, 188.0, 165.0, 165.0, 95.0, 135.0, 218.0, 218.0, 218.0, 188.0, 188.0, 165.0, 135.0, 135.0, 10.0, 2.0, 110.0, 79.0, 95.0, 25.0, 60.0, 35.0, 20.0]",2.0,625.01,180.5646153846154
Misr El-Kheir,"inDowntown - Magra El Ouyon,Egypt",Charity,https://www.talabat.com/egypt/restaurant/505157/misr-el-kheir?aid=7766,18,"[100.0, 100.0, 100.0, 500.0, 300.0, 600.0, 11900.0, 100.0, 550.0, 480.0, 100.0, 100.0, 100.0, 600.0, 500.0, 300.0, 6000.0, 600.0]",100.0,11900.0,1279.4444444444443
Mousa Coffee,"inDowntown - Tahrir,Egypt","Coffee & Tea, Sandwiches, Beverages",https://www.talabat.com/egypt/restaurant/507878/mousa-coffee-downtown--tahrir?aid=7766,76,"[130.0, 138.0, 138.0, 120.0, 145.0, 195.0, 113.0, 113.0, 123.0, 130.0, 112.0, 103.0, 103.0, 115.0, 120.0, 73.0, 78.0, 80.0, 85.0, 85.0, 70.0, 130.0, 137.0, 150.0, 145.0, 138.0, 150.0, 128.0, 120.0, 128.0, 160.0, 138.0, 138.0, 128.0, 138.0, 155.0, 138.0, 138.0, 138.0, 138.0, 138.0, 138.0, 90.0, 90.0, 90.0, 120.0, 120.0, 75.0, 85.0, 120.0, 75.0, 150.0, 110.0, 130.0, 160.0, 20.0, 86.0]",20.0,195.0,119.3157894736842
La Pomme,"inGiza,Egypt","Pizza, Desserts, Cakes",https://www.talabat.com/egypt/restaurant/505141/la-pomme--giza?aid=7766,128,"[1.0, 380.0, 278.0, 570.0, 863.0, 126.0, 138.0, 126.0, 35.0, 12.0, 140.0, 165.0, 140.0, 145.0, 140.0, 155.0, 140.0, 1.0, 1.0, 1.0, 1.0, 1.0, 1.0, 1.0, 1.0, 1.0, 1.0, 1.0, 1.0, 1.0, 1.0, 1.0, 1.0, 1.0, 1.0, 1.0, 1.0, 1.0, 1.0, 1.0, 1.0, 1.0, 1.0, 1.0, 1.0, 1.0, 75.0, 460.0, 490.0, 715.0, 175.0, 140.0, 135.0, 120.0, 155.0, 190.0, 185.0, 610.0, 655.0, 645.0, 620.0, 800.0, 380.0, 75.0, 85.0, 85.0, 85.0, 40.0, 40.0, 40.0, 55.0, 55.0, 75.0, 65.0, 65.0, 65.0, 84.0, 84.0, 84.0, 84.0, 84.0, 490.0, 1.0, 455.0, 390.0, 175.0, 35.0, 45.0, 30.0, 105.0, 80.0, 80.0, 80.0, 70.0, 65.0, 1100.0]",1.0,1100.0,151.91666666666666
WAFFLICIOUS,"inDokki - El Dokki Street,Egypt","Desserts, Breakfast, Waffles, Cakes",https://www.talabat.com/egypt/restaurant/502267/wafflicious--dokki--tmp?aid=7766,116,"[112.86, 112.86, 127.68, 206.34, 127.68, 140.22, 114.0, 114.0, 131.0, 96.9, 96.9, 96.9, 96.9, 96.9, 119.7, 125.4, 136.8, 119.7, 82.08, 98.04, 92.34, 101.46, 107.16, 92.34, 157.32, 185.82, 127.68, 168.72, 158.46, 164.16, 164.16, 191.52, 218.88, 270.18, 151.62, 127.68, 175.56, 192.66, 112.86, 99.18, 83.22, 83.22, 112.86, 99.18, 83.22, 151.62, 140.22, 150.48, 131.1, 254.22, 206.34, 175.56, 237.12, 54.72, 102.6, 144.78, 108.3, 176.7, 86.64, 86.64, 86.64, 86.64, 484.5, 547.2, 627.0, 513.0, 513.0, 627.0, 484.5, 547.2, 136.8, 136.8, 165.3, 165.3, 136.8, 142.5, 114.0, 119.7, 119.7, 125.4, 142.5, 153.9, 153.9, 153.9, 147.06, 153.9, 114.0, 75.24, 107.16, 107.16, 107.16, 107.16, 107.16, 114.0, 119.7, 125.4, 103.74, 103.74, 117.42, 128.82, 72.96, 96.9, 85.5, 96.9, 96.9, 79.8, 221.16, 250.8, 319.2, 250.8, 41.04, 87.78, 172.14, 143.7, 149.4]",41.04,627.0,161.46382608695654
