restaurant_id,city,restaurant_name,location,cuisines,url,total_items,prices_list,min_price,max_price,avg_price
1,alexandria,Nos Regheef,"inGlim,Egypt","foul & falafel, Pizza, Pasta",https://www.talabat.com/egypt/restaurant/501372/nos-regheef?aid=7177,117,"[268.0, 205.0, 268.0, 405.0, 268.0, 194.0, 135.0, 135.0, 212.0, 207.0, 350.0, 337.0, 406.0, 423.0, 349.0, 479.0, 150.0, 186.0, 125.0, 171.0, 158.0, 196.0, 146.0, 177.0, 143.0, 165.0, 490.0, 439.0, 376.0, 450.0, 370.0, 194.0, 199.0, 199.0, 205.0, 257.0, 137.0, 137.0, 131.0, 171.0, 188.0, 194.0, 194.0, 245.0, 262.0, 217.0, 268.0, 257.0, 268.0, 279.0, 279.0, 291.0, 217.0, 330.0, 314.0, 382.0, 370.0, 325.0, 268.0, 268.0, 245.0, 166.0, 211.0, 245.0, 257.0, 284.0, 348.0, 382.0, 405.0, 205.0, 211.0, 211.0, 348.0, 193.0, 193.0, 199.0, 188.0, 188.0, 204.0, 193.0, 194.0, 205.0, 211.0, 177.0, 245.0, 268.0, 188.0, 147.0, 205.0, 268.0, 262.0, 353.0, 75.0, 86.0, 97.0, 165.0, 188.0, 194.0, 211.0, 279.0, 222.0, 336.0, 370.0, 394.0, 222.0, 63.0, 52.0, 51.0, 52.0, 52.0, 57.0, 74.0, 29.0, 52.0, 52.0, 52.0, 52.0]",29.0,490.0,226.53846153846155
2,alexandria,BIN AQOOL AL KUWAITI,"inBab Sharq,Egypt",Arabic,https://www.talabat.com/egypt/restaurant/786812/bin-aqool-al-kuwaiti-el-hadara?aid=7177,24,"[480.0, 725.0, 35.0, 35.0, 480.0, 195.0, 195.0, 195.0, 190.0, 160.0, 265.0, 725.0, 725.0, 680.0, 480.0, 480.0, 550.0, 35.0, 35.0, 35.0, 35.0, 285.0]",35.0,725.0,319.09090909090907
3,alexandria,Crepe Club - Sporting,"inSporting,Egypt","Crepes, Egyptian, Fast Food",https://www.talabat.com/egypt/restaurant/628131/crepe-club-sporting-sporting?aid=7177,153,"[95.0, 34.0, 105.0, 60.0, 171.0, 200.0, 300.0, 175.0, 135.0, 165.0, 89.0, 200.0, 549.0, 215.0, 171.0, 200.0, 300.0, 850.0, 175.0, 135.0, 165.0, 160.0, 165.0, 89.0, 150.0, 165.0, 195.0, 195.0, 250.0, 165.0, 195.0, 220.0, 220.0, 250.0, 50.0, 55.0, 65.0, 60.0, 60.0, 70.0, 55.0, 30.0, 34.0, 25.0, 25.0, 25.0, 40.0, 40.0, 50.0, 105.0, 105.0, 105.0, 105.0, 110.0, 110.0, 115.0, 115.0, 120.0, 125.0, 130.0, 95.0, 100.0, 100.0, 105.0, 100.0, 120.0, 125.0, 125.0, 105.0, 120.0, 125.0, 120.0, 130.0, 125.0, 115.0, 100.0, 70.0, 70.0, 75.0, 75.0, 80.0, 115.0, 130.0, 35.0, 45.0, 30.0, 100.0, 110.0, 110.0, 95.0, 105.0, 105.0, 105.0, 115.0, 115.0, 120.0]",25.0,850.0,129.70833333333334
4,alexandria,Burger King,"inSemouha,Egypt","Burgers, Fast Food",https://www.talabat.com/egypt/restaurant/679502/burger-king-semouha?aid=7177,98,"[275.0, 110.0, 299.0, 70.0, 110.0, 205.0, 299.0, 219.0, 219.0, 299.0, 219.0, 315.0, 375.0, 290.0, 840.0, 299.0, 219.0, 219.0, 299.0, 219.0, 310.0, 310.0, 315.0, 375.0, 260.0, 355.0, 290.0, 260.0, 840.0, 299.0, 245.0, 245.0, 570.0, 400.0, 309.0, 360.0, 219.0, 315.0, 205.0, 429.0, 435.0, 460.0, 299.0, 380.0, 309.0, 309.0, 275.0, 259.0, 159.0, 470.0, 360.0, 110.0, 100.0, 75.0, 120.0, 60.0, 80.0, 90.0, 150.0, 110.0, 130.0, 60.0, 25.0, 60.0, 60.0, 55.0, 25.0, 25.0, 60.0, 70.0, 70.0, 70.0, 340.0, 369.0, 375.0, 400.0, 410.0, 300.0, 250.0, 249.0, 249.0, 320.0, 199.0, 215.0, 239.0, 99.0, 60.0, 70.0, 249.0, 239.0, 159.0, 145.0, 140.0, 120.0, 140.0, 140.0]",25.0,840.0,240.6875
5,alexandria,Chocolate Shot,"inAzarita,Egypt","Desserts, Beverages, Cakes",https://www.talabat.com/egypt/restaurant/616232/chocolate-shotazarita?aid=7177,158,"[185.0, 300.0, 300.0, 120.0, 110.0, 50.0, 300.0, 250.0, 180.0, 185.0, 185.0, 185.0, 200.0, 200.0, 200.0, 110.0, 110.0, 300.0, 260.0, 300.0, 300.0, 300.0, 300.0, 300.0, 300.0, 300.0, 300.0, 185.0, 160.0, 160.0, 160.0, 160.0, 160.0, 160.0, 160.0, 160.0, 120.0, 120.0, 120.0, 120.0, 114.0, 125.0, 62.7, 68.4, 68.4, 68.4, 74.1, 79.8, 79.8, 91.2, 91.2, 150.0, 150.0, 150.0, 150.0, 150.0, 120.0, 120.0, 120.0, 120.0, 120.0, 120.0, 120.0, 170.0, 170.0, 170.0, 170.0, 74.1, 79.8, 39.9, 39.9, 51.3, 68.4, 91.2, 45.6, 79.8, 74.1, 91.2, 74.1, 300.0, 250.0, 180.0, 185.0, 185.0, 185.0, 200.0, 200.0, 200.0, 110.0, 110.0, 300.0, 260.0, 300.0, 300.0, 300.0, 300.0, 300.0, 300.0, 300.0, 300.0, 185.0, 160.0, 160.0, 160.0, 160.0, 160.0, 160.0, 160.0, 160.0, 120.0, 120.0, 120.0, 120.0, 114.0, 125.0, 50.0, 50.0, 50.0, 62.7, 68.4, 68.4, 68.4, 74.1, 79.8, 79.8, 91.2, 91.2, 150.0, 150.0, 150.0, 150.0, 150.0, 120.0, 120.0, 120.0, 120.0, 120.0, 120.0, 120.0, 170.0, 170.0, 170.0, 170.0, 74.1, 79.8, 39.9, 39.9, 51.3, 68.4, 91.2, 45.6, 22.8, 79.8, 74.1, 91.2, 74.1]",22.8,300.0,149.11923076923077
6,alexandria,Nutopia,"inRaml Station,Egypt","Desserts, Crepes, Waffles, Cakes",https://www.talabat.com/egypt/restaurant/508160/nutopia-raml-station?aid=7177,135,"[190.0, 125.0, 100.0, 270.0, 280.0, 125.0, 125.0, 170.0, 160.0, 160.0, 160.0, 95.0, 65.0, 30.0, 150.0, 440.0, 440.0, 315.0, 1065.0, 125.0, 150.0, 150.0, 125.0, 190.0, 210.0, 190.0, 150.0, 165.0, 150.0, 170.0, 170.0, 200.0, 90.0, 100.0, 115.0, 150.0, 90.0, 125.0, 150.0, 190.0, 190.0, 190.0, 190.0, 125.0, 125.0, 150.0, 175.0, 150.0, 175.0, 115.0, 175.0, 215.0, 140.0, 140.0, 100.0, 75.0, 100.0, 175.0, 45.0, 45.0, 45.0, 65.0, 100.0, 100.0, 100.0, 100.0, 100.0, 100.0, 100.0, 100.0, 125.0, 125.0, 125.0, 125.0, 165.0, 165.0, 190.0, 115.0, 125.0, 115.0, 115.0, 150.0, 150.0, 150.0, 125.0, 46.74, 65.0, 65.0, 75.0, 75.0, 75.0, 175.0, 160.0, 95.0, 150.0, 150.0, 20.0]",20.0,1065.0,149.91484536082473
7,alexandria,Willy's,"inSemouha - Sporting Club,Egypt","Burgers, Sandwiches",https://www.talabat.com/egypt/restaurant/724151/willys-kitchen-semouha-semouha-sporting-club-tgo?aid=7177,89,"[75.0, 239.0, 45.0, 55.0, 25.0, 55.0, 289.0, 329.0, 658.0, 792.0, 1425.0, 194.0, 289.0, 329.0, 658.0, 792.0, 1425.0, 194.0, 25.0, 25.0, 209.0, 229.0, 219.0, 229.0, 235.0, 225.0, 139.0, 239.0, 229.0, 229.0, 229.0, 239.0, 235.0, 235.0, 237.0, 199.0, 284.0, 304.0, 294.0, 304.0, 310.0, 300.0, 214.0, 314.0, 304.0, 304.0, 304.0, 314.0, 310.0, 310.0, 312.0, 274.0, 119.0, 55.0, 79.0, 75.0, 99.0, 85.0, 79.0, 55.0, 79.0, 99.0, 269.0, 45.0, 119.0, 49.0, 135.0, 79.0, 119.0, 109.0, 20.0, 20.0, 20.0, 30.0, 30.0, 30.0, 20.0, 20.0, 20.0, 20.0, 119.0, 119.0, 25.0, 25.0, 25.0, 25.0, 25.0, 75.0, 10.0]",10.0,1425.0,209.61797752808988
8,alexandria,5 Roosters,"inAzarita,Egypt","Fried chicken, Sandwiches, Burgers, Chicken",https://www.talabat.com/egypt/restaurant/518321/5-roosters-azarita?aid=7177,84,"[99.0, 275.0, 5.0, 398.0, 350.0, 598.0, 248.75, 131.0, 146.0, 150.0, 190.0, 190.0, 351.0, 190.0, 475.0, 750.0, 750.0, 398.0, 350.0, 598.0, 248.75, 131.0, 146.0, 150.0, 190.0, 190.0, 351.0, 190.0, 475.0, 750.0, 750.0, 150.0, 99.0, 200.0, 100.0, 225.0, 250.0, 275.0, 450.0, 300.0, 500.0, 850.0, 1050.0, 99.0, 200.0, 150.0, 150.0, 150.0, 25.0, 125.0, 100.0, 100.0, 100.0, 250.0, 5.0, 75.0, 80.0, 60.0, 75.0, 25.0, 25.0, 40.0, 25.0]",5.0,1050.0,262.2619047619048
9,alexandria,Bazooka,"inRaml Station,Egypt","Fried chicken, Burgers, Chicken",https://www.talabat.com/egypt/restaurant/649724/bazooka-raml-station-tgo?aid=7177,113,"[299.0, 300.0, 115.0, 165.0, 50.0, 332.0, 540.0, 332.0, 300.0, 633.0, 450.0, 550.0, 367.0, 500.0, 258.0, 250.0, 867.0, 267.0, 350.0, 458.0, 383.0, 540.0, 332.0, 300.0, 633.0, 450.0, 550.0, 367.0, 500.0, 258.0, 250.0, 867.0, 267.0, 350.0, 458.0, 383.0, 140.0, 225.0, 160.0, 250.0, 485.0, 699.0, 699.0, 820.0, 920.0, 499.0, 1020.0, 260.0, 310.0, 260.0, 180.0, 310.0, 260.0, 235.0, 300.0, 165.0, 165.0, 165.0, 105.0, 165.0, 190.0, 180.0, 205.0, 205.0, 155.0, 155.0, 155.0, 155.0, 105.0, 105.0, 105.0, 145.0, 145.0, 205.0, 190.0, 190.0, 225.0, 299.0, 175.0, 160.0, 85.0, 55.0, 90.0, 100.0, 95.0, 85.0, 90.0, 55.0, 40.0, 115.0, 110.0, 65.0, 70.0, 110.0, 110.0, 50.0, 50.0, 60.0, 60.0, 50.0, 30.0, 30.0, 30.0, 8.0, 70.0, 35.0, 35.0, 30.0, 30.0, 20.0, 15.0, 30.0, 35.0]",8.0,1020.0,251.858407079646
10,alexandria,Pizza Hut,"inCarrefour,Egypt","Pizza, Salad, Pizza & Pies",https://www.talabat.com/egypt/restaurant/647601/pizza-hut-carrefour-alex-ph?aid=7177,84,"[847.0, 622.0, 690.0, 704.0, 615.0, 620.0, 286.0, 197.0, 59.0, 129.0, 129.0, 129.0, 847.0, 622.0, 690.0, 704.0, 615.0, 620.0, 369.0, 539.0, 649.0, 569.0, 569.0, 695.0, 286.0, 239.0, 225.0, 205.0, 197.0, 121.0, 125.0, 121.0, 75.0, 75.0, 75.0, 113.0, 143.0, 143.0, 168.0, 198.0, 198.0, 168.0, 168.0, 198.0, 168.0, 198.0, 143.0, 103.0, 103.0, 103.0, 103.0, 179.0, 159.0, 25.0, 25.0, 25.0, 90.0, 90.0, 90.0, 85.0, 160.0, 170.0, 134.0, 160.0, 130.0, 55.0, 29.0, 85.0, 86.0, 224.0, 55.0, 45.0, 45.0, 145.0, 105.0, 60.0, 40.0, 61.0, 63.0, 40.0, 40.0, 40.0, 40.0, 20.0]",20.0,847.0,231.8690476190476
11,alexandria,Papa John's Pizza,"inAnwar El Sadat,Egypt","Pizza, Fast Food, Pizza",https://www.talabat.com/egypt/restaurant/502903/papa-johns-pizza-raml-station?aid=7177,74,"[200.0, 535.0, 300.0, 460.0, 460.0, 435.0, 635.0, 170.0, 120.0, 200.0, 130.01, 200.0, 170.0, 165.0, 86.0, 111.0, 56.0, 188.0, 165.0, 165.0, 95.0, 140.0, 226.01, 226.01, 226.01, 188.0, 188.0, 165.0, 140.0, 140.0, 25.0, 25.0, 25.0, 25.0, 10.0, 2.0, 110.0, 79.0, 95.0, 30.0, 35.0, 20.0]",2.0,635.0,170.62
12,alexandria,Tamara,"inCarrefour,Egypt","Lebanese , Breakfast, Sandwiches",https://www.talabat.com/egypt/restaurant/692453/tamara-designia-mall?aid=7177,149,"[479.0, 218.0, 479.0, 223.0, 198.0, 207.0, 606.0, 1788.0, 511.0, 543.0, 913.0, 638.0, 754.0, 479.0, 479.0, 511.0, 1839.0, 556.0, 262.0, 198.0, 147.0, 154.0, 215.0, 154.0, 202.0, 223.0, 207.0, 223.0, 198.0, 186.0, 217.0, 255.0, 154.0, 192.0, 141.0, 166.0, 192.0, 358.0, 326.0, 345.0, 339.0, 365.0, 333.0, 223.0, 339.0, 301.0, 351.0, 371.0, 358.0, 339.0, 365.0, 301.0, 371.0, 218.0, 134.52, 333.0, 307.0, 262.0, 255.0, 307.0, 262.0, 358.0, 365.0, 383.0, 409.0, 301.0, 275.0, 255.0, 415.0, 275.0, 562.0, 505.0, 415.0, 397.0, 441.0, 351.0, 498.0, 601.0, 562.0, 543.0, 524.0, 173.0, 192.0, 179.0, 173.0, 205.2, 141.0, 230.0, 141.0, 230.0, 141.0, 230.0, 147.0, 166.0, 141.0, 135.0, 135.0, 135.0, 173.0, 173.0, 173.0, 135.0, 154.0, 154.0, 154.0, 154.0, 135.0, 141.0, 135.0, 96.0, 125.4, 141.0, 132.0, 154.0, 147.0, 492.0, 613.0, 549.0, 505.0, 486.0, 511.0, 333.0, 626.0, 505.0, 461.0, 255.0, 243.0, 255.0, 282.0, 255.0, 294.0, 32.0, 32.0, 47.0, 47.0, 613.0, 620.0, 294.0, 377.0, 128.0, 166.0, 141.0, 67.0, 67.0, 67.0, 67.0, 51.0, 78.0, 96.0]",32.0,1839.0,308.9336912751678
13,alexandria,Fayrouz Restaurant,"inRaml Station,Egypt","Shawerma, Sandwiches, Grills, Breakfast, Manaqeesh, Chicken",https://www.talabat.com/egypt/restaurant/508125/fayrouz-restaurant-raml-station?aid=7177,126,"[75.0, 170.0, 60.0, 345.0, 263.0, 170.0, 345.0, 263.0, 170.0, 375.0, 1.0, 1.0, 1.0, 170.0, 200.0, 210.0, 170.0, 130.0, 130.0, 130.0, 130.0, 145.0, 130.0, 130.0, 130.0, 145.0, 100.0, 1.0, 355.0, 1.0, 1.0, 1.0, 45.0, 55.0, 45.0, 45.0, 40.0, 45.0, 55.0, 45.0, 55.0, 55.0, 55.0, 50.0, 45.0, 50.0, 180.0, 150.0, 180.0, 150.0, 45.0, 95.0, 140.0, 250.0, 115.0, 165.0, 130.0, 110.0, 240.0, 190.0, 180.0, 270.0, 200.0, 285.0, 1.0, 15.0, 40.0, 45.0, 65.0, 55.0, 60.0, 75.0, 45.6, 57.0, 110.0, 25.0, 43.0, 50.0, 50.0, 50.0, 65.0, 65.0, 65.0, 75.0, 17.0, 17.0, 65.0, 60.0, 40.0, 12.0, 50.0, 85.0, 45.0, 15.0, 20.0, 25.0, 25.0, 15.0, 15.0, 25.0, 45.0, 25.0, 15.0]",1.0,375.0,97.86990291262136
14,alexandria,Cook Door,"inSporting, Cleopatra,Egypt","Sandwiches, Burgers, Fast Food",https://www.talabat.com/egypt/restaurant/725214/cook-door-sporting-cleopatra-tgo?aid=7177,52,"[639.0, 639.0, 220.0, 245.0, 230.0, 260.0, 115.0, 155.0, 315.0, 60.0, 120.0, 60.0, 90.0, 140.0, 220.0, 245.0, 230.0, 260.0, 80.0, 80.0, 49.0, 40.0, 20.0, 20.0, 20.0, 25.0, 5.0, 20.0, 20.0, 20.0, 15.0, 25.0, 25.0]",5.0,639.0,142.63636363636363
15,alexandria,Dokan Samak - Sidi Gaber,"inSidi Gaber,Egypt","Fish & Seafood, Sandwiches, Fish & Seafood",https://www.talabat.com/egypt/restaurant/501605/dokan-samak-sidi-gaber?aid=7177,74,"[57.0, 322.0, 417.0, 92.0, 423.0, 57.0, 240.0, 303.0, 291.0, 35.0, 52.0, 57.0, 56.0, 126.0, 126.0, 166.0, 166.0, 177.0, 166.0, 177.0, 183.0, 314.0, 322.0, 314.0, 405.0, 372.0, 57.0, 171.0, 177.0, 203.0, 211.0, 86.0, 92.0, 132.0, 224.0, 215.0, 433.0, 211.0, 325.0, 331.0, 337.0, 394.0, 337.0, 394.0, 417.0, 451.0, 553.0, 559.0, 399.0, 405.0, 479.0, 485.0, 423.0, 445.0, 565.0, 513.0, 627.0, 770.0, 885.0, 885.0, 856.0, 1357.0, 1363.0, 1425.0, 3363.0, 451.0, 491.0, 559.0, 35.0, 67.0, 67.0, 92.0, 86.0]",35.0,3363.0,394.7808219178082
16,alexandria,Pizza King,"inEL Ataren,Egypt","Pizza, Pasta, Pizza, Italian",https://www.talabat.com/egypt/restaurant/678299/pizza-king-raml-station-el-ataren?aid=7177,168,"[136.0, 63.0, 60.0, 51.0, 137.0, 350.0, 710.0, 356.0, 371.0, 363.0, 431.0, 631.0, 993.0, 1016.0, 246.0, 642.0, 400.0, 477.0, 554.0, 616.0, 862.0, 577.0, 662.0, 723.0, 816.0, 1108.0, 623.0, 731.0, 854.0, 1008.0, 1239.0, 585.0, 662.0, 739.0, 846.0, 1123.0, 350.0, 364.29, 366.67, 239.4, 324.9, 239.4, 324.9, 496.0, 710.0, 356.0, 371.0, 363.0, 431.0, 631.0, 993.0, 1016.0, 331.0, 246.0, 642.0, 251.0, 359.0, 336.0, 444.6, 400.0, 477.0, 554.0, 616.0, 862.0, 577.0, 662.0, 723.0, 816.0, 1108.0, 623.0, 731.0, 854.0, 1008.0, 1239.0, 585.0, 662.0, 739.0, 846.0, 1123.0, 165.0, 165.0, 188.0, 171.0, 103.0, 103.0, 160.0, 154.0, 154.0, 148.0, 143.0, 143.0, 143.0, 148.0, 148.0, 148.0, 148.0, 188.0, 188.0, 137.0, 60.0, 74.0, 74.0, 68.0, 80.0, 80.0, 63.0, 137.0, 91.0, 142.5, 63.0, 63.0, 40.0, 51.0, 136.0, 57.0, 46.0, 23.0, 19.0, 17.0, 17.0, 17.0, 14.0, 17.0, 80.0, 74.0, 80.0, 80.0, 29.0, 33.0, 33.0, 33.0, 33.0, 52.0, 27.0]",14.0,1239.0,389.5571641791045
17,alexandria,Mo'men,"inRaml Station,Egypt","Sandwiches, Fish & Seafood, Burgers, Chicken",https://www.talabat.com/egypt/restaurant/502330/momen-raml-station?aid=7177,117,"[406.0, 430.0, 40.0, 250.0, 406.0, 980.0, 430.0, 250.0, 240.0, 333.0, 331.0, 339.0, 392.0, 500.0, 639.0, 531.0, 746.0, 800.0, 923.0, 406.0, 376.5, 427.5, 240.0, 980.0, 430.0, 250.0, 240.0, 333.0, 331.0, 339.0, 392.0, 500.0, 639.0, 531.0, 746.0, 800.0, 923.0, 451.0, 262.2, 262.2, 257.0, 188.1, 188.1, 199.5, 216.6, 216.6, 308.0, 63.0, 68.0, 313.5, 279.3, 256.5, 313.51, 256.5, 239.4, 57.0, 17.0, 17.0, 46.0, 137.0, 63.0, 86.0, 86.0, 74.0, 74.0, 80.0, 60.5, 17.0, 17.0, 17.0, 17.0, 19.0, 23.0, 17.0, 40.0, 63.0, 154.0, 97.0, 103.0, 131.0, 80.0, 74.0, 29.0, 33.0, 33.0, 33.0, 33.0, 52.0, 27.0, 13.0]",13.0,980.0,267.8723333333333
18,alexandria,Costa Coffee,"inAsafra,Egypt","coffee & tea, Sandwiches, Desserts",https://www.talabat.com/egypt/restaurant/624994/costa-coffeefouad-street-tgo?aid=7177,112,"[95.0, 100.0, 95.0, 70.0, 80.0, 105.0, 120.0, 120.0, 160.0, 200.0, 220.0, 185.0, 95.0, 95.0, 95.0, 100.0, 80.0, 105.0, 105.0, 100.0, 70.0, 70.0, 70.0, 65.0, 105.0, 100.0, 100.0, 105.0, 60.0, 65.0, 105.0, 100.0, 100.0, 100.0, 100.0, 95.0, 100.0, 100.0, 80.0, 105.0, 100.0, 100.0, 105.0, 105.0, 100.0, 95.0, 95.0, 145.0, 120.0, 110.0, 110.0, 110.0, 120.0, 125.0, 120.0, 170.0, 170.0, 160.0, 170.0, 160.0, 170.0, 240.0, 180.0, 120.0, 190.0, 180.0, 65.0, 90.0, 110.0, 85.0, 85.0, 70.0, 70.0, 70.0, 55.0, 95.0, 150.0, 150.0, 110.0, 70.0, 70.0, 145.0, 110.0, 110.0, 110.0, 110.0, 100.0, 90.0, 70.0, 70.0, 99.0, 120.0, 130.0, 150.0, 75.0, 75.0, 90.0, 150.0, 150.0, 150.0, 165.0, 95.0, 80.0, 80.0, 80.0, 80.0, 40.0, 90.0, 90.0, 90.0, 25.0, 40.0]",25.0,240.0,107.98214285714286
19,alexandria,Molo Broast,"inSporting, Cleopatra,Egypt","Fried chicken, Burgers, Fast Food",https://www.talabat.com/egypt/restaurant/745689/molo-broast-sporting-cleopatra?aid=7177,84,"[120.0, 90.0, 235.0, 300.0, 70.0, 275.0, 220.0, 190.0, 300.0, 235.0, 300.0, 310.0, 410.0, 410.0, 120.0, 165.0, 185.0, 185.0, 185.0, 225.0, 185.0, 195.0, 225.0, 185.0, 130.0, 140.0, 140.0, 140.0, 165.0, 140.0, 140.0, 85.0, 195.0, 275.0, 340.0, 160.0, 245.0, 345.0, 750.0, 685.0, 975.0, 1200.0, 785.0, 210.0, 155.0, 180.0, 55.0, 55.0, 130.0, 130.0, 130.0, 130.0, 70.0, 90.0, 100.0, 150.0, 95.0, 35.0, 35.0, 35.0, 35.0, 35.0, 35.0, 35.0, 55.0, 105.0, 35.0, 35.0, 35.0, 50.0, 25.0, 30.0, 95.0, 60.0, 35.0, 15.0, 85.0, 5.0, 2.0, 35.0, 35.0, 30.0, 55.0, 20.0]",2.0,1200.0,180.02380952380952
20,alexandria,Pizza Roma,"inSporting,Egypt","Pizza, Crepes",https://www.talabat.com/egypt/restaurant/627975/pizza-roma-sporting?aid=7177,235,"[90.0, 110.0, 110.0, 100.0, 110.0, 100.0, 100.0, 120.0, 120.0, 100.0, 100.0, 120.0, 125.0, 75.0, 80.0, 80.0, 100.0, 100.0, 100.0, 100.0, 100.0, 100.0, 100.0, 100.0, 120.0, 120.0, 100.0, 150.0, 125.0, 130.0, 125.0, 170.0, 90.0, 100.0, 120.0, 60.0, 80.0, 85.0, 75.0, 120.0, 120.0, 130.0, 150.0, 120.0, 140.0, 110.0, 110.0, 130.0, 170.0, 180.0, 135.0, 135.0, 150.0, 165.0, 125.0, 135.0, 145.0, 185.0, 200.0, 150.0, 140.0, 150.0, 160.0, 150.0, 150.0, 185.0, 200.0, 130.0, 220.0, 130.0, 120.0, 110.0, 120.0, 120.0, 325.0, 130.0, 130.0, 130.0, 140.0, 55.0, 150.0, 160.0, 110.0, 120.0, 220.0, 120.0, 85.0, 40.0, 60.0, 75.0, 120.0, 40.0, 25.0, 20.0, 20.0, 15.0, 20.0, 25.0, 15.0, 20.0]",15.0,325.0,115.5
21,alexandria,Chicken Tikka,"inSidi Gaber,Egypt","Grills, Chicken, Fried chicken",https://www.talabat.com/egypt/restaurant/502521/chicken-tikka-green-plazatgo?aid=7177,99,"[215.0, 255.0, 275.0, 150.0, 55.0, 35.0, 965.0, 1130.0, 1215.0, 1360.0, 1480.0, 965.0, 1130.0, 1215.0, 1360.0, 1480.0, 175.0, 180.0, 170.0, 379.0, 744.0, 700.0, 775.0, 994.0, 994.0, 70.0, 60.0, 55.0, 55.0, 55.0, 55.0, 55.0, 55.0, 55.0, 145.0, 235.0, 125.0, 95.0, 95.0, 85.0, 255.0, 180.0, 390.0, 450.0, 215.0, 240.0, 280.0, 240.0, 280.0, 264.0, 304.0, 150.0, 190.0, 310.0, 270.0, 235.0, 275.0, 275.0, 315.0, 140.0, 160.0, 145.0, 165.0, 140.0, 160.0, 170.0, 50.0, 180.0, 175.0, 175.0, 145.0, 135.0, 135.0, 135.0, 65.0, 55.0, 65.0, 35.0, 35.0, 80.0, 85.0, 65.0, 55.0, 65.0, 70.0, 60.0, 52.0, 45.0, 55.0, 55.0, 95.0, 80.0, 80.0, 80.0, 30.0, 45.0, 30.0, 30.0, 30.0]",30.0,1480.0,287.4848484848485
22,alexandria,Mumo,"inSemouha,Egypt","Fried chicken, Fast Food, Beverages",https://www.talabat.com/egypt/restaurant/747474/mumo-semouha-semouha-sporting-club?aid=7177,58,"[244.0, 275.0, 159.0, 169.0, 299.0, 14.0, 204.0, 185.0, 204.0, 185.0, 159.0, 175.0, 275.0, 299.0, 169.0, 244.0, 590.0, 539.0, 125.0, 125.0, 125.0, 125.0, 149.0, 169.0, 179.0, 189.0, 179.0, 125.0, 139.0, 69.0, 69.0, 55.0, 109.0, 99.0, 59.0, 14.0, 69.0, 39.0, 1.5, 19.0, 19.0, 25.0, 19.0, 35.0, 35.0, 10.0, 20.0, 30.0, 25.0]",1.5,590.0,139.5408163265306
23,alexandria,al farakhgi,"inSidi Gaber,Egypt","Chicken, Egyptian",https://www.talabat.com/egypt/restaurant/791058/al-farakhgi-sidi-gaber?aid=7177,55,"[280.0, 375.0, 563.0, 590.0, 160.0, 20.0, 480.0, 192.0, 1728.0, 160.0, 280.0, 535.0, 563.0, 295.0, 160.0, 160.0, 160.0, 160.0, 105.0, 135.0, 190.0, 110.0, 135.0, 240.0, 170.0, 240.0, 120.0, 120.0, 335.0, 563.0, 724.0, 1340.0, 1270.0, 1140.0, 1610.0, 1740.0, 1740.0, 2010.0, 663.0, 375.0, 697.0, 415.0, 590.0, 630.0, 657.0, 135.0, 420.0, 100.0, 20.0, 20.0, 20.0]",20.0,2010.0,502.7450980392157
24,alexandria,AYE ! SMASH,"inBab Sharq,Egypt",Burgers,https://www.talabat.com/egypt/restaurant/792979/aye-smash-el-hadara?aid=7177,31,"[75.0, 240.0, 245.0, 240.0, 515.0, 225.0, 270.0, 260.0, 245.0, 240.0, 240.0, 225.0, 240.0, 515.0, 255.0, 75.0, 50.0, 50.0, 50.0, 40.0, 40.0, 35.0, 35.0, 35.0, 45.0, 40.0, 40.0, 40.0, 40.0, 40.0, 40.0]",35.0,515.0,152.4193548387097
25,alexandria,Abou Shakra,"inAnwar El Sadat,Egypt","Grills, Pasta, Chicken, Arabic, Egyptian, Sandwiches",https://www.talabat.com/egypt/restaurant/502375/abou-shakra-lauran?aid=7177,93,"[216.0, 52.0, 30.0, 305.0, 270.0, 305.0, 216.0, 125.0, 165.0, 165.0, 240.0, 194.0, 210.0, 165.0, 460.0, 160.0, 210.0, 215.0, 240.0, 270.0, 335.0, 165.0, 554.0, 159.0, 169.0, 144.0, 169.0, 135.0, 135.0, 135.0, 135.0, 135.0, 157.0, 197.0, 170.0, 157.0, 157.0, 92.0, 107.0, 170.0, 69.0, 89.0, 120.0, 68.0, 154.0, 155.0, 68.0, 68.0, 59.0, 72.0, 51.0, 68.0, 72.0, 45.0, 54.0, 60.0, 67.0, 52.0, 43.0, 70.0, 30.0, 30.0, 30.0, 30.0, 30.0, 30.0, 30.0, 30.0, 35.0, 30.0, 30.0, 120.0]",30.0,554.0,135.40277777777777
26,alexandria,Shamy Elbait elkeber,"inSemouha,Egypt","Syrian, Shawerma, Sandwiches",https://www.talabat.com/egypt/restaurant/730085/shamy-elbait-elkeber-semouha-victor-emanouil?aid=7177,123,"[40.25, 35.0, 224.25, 23.0, 290.0, 650.0, 330.0, 368.0, 300.0, 350.0, 210.0, 210.0, 270.0, 90.0, 223.75, 224.25, 755.44, 290.0, 650.0, 330.0, 368.0, 300.0, 350.0, 210.0, 210.0, 270.0, 90.0, 205.0, 160.0, 190.0, 230.0, 260.0, 245.0, 39.2, 40.25, 61.0, 32.2, 55.4, 61.0, 156.2, 173.0, 140.0, 165.0, 179.0, 162.0, 110.0, 195.0, 179.0, 130.0, 172.5, 276.0, 322.0, 224.25, 184.0, 207.0, 184.0, 244.95, 184.0, 172.5, 276.64, 218.5, 190.35, 264.5, 483.0, 287.2, 488.75, 150.0, 95.8, 95.8, 172.5, 195.5, 212.75, 230.0, 90.0, 85.0, 95.8, 107.0, 114.0, 101.4, 95.8, 96.37, 58.65, 72.0, 90.0, 90.0, 101.4, 107.0, 96.37, 130.0, 155.25, 131.34, 26.27, 23.0, 28.75, 40.25, 35.03, 46.0, 12.18, 45.0, 46.0, 15.68, 839.5, 115.0, 30.46, 51.75, 40.25, 35.0, 51.75, 18.4, 18.4, 13.8, 28.75, 23.52]",12.18,839.5,174.90973451327432
27,alexandria,China House - Semouha,"inGreen Plaza,Egypt","Chinese, Asian, Asian, Indian , Sushi",https://www.talabat.com/egypt/restaurant/635669/china-house-green-plaza?aid=7177,153,"[136.8, 111.72, 286.14, 118.56, 78.66, 85.5, 198.36, 215.46, 375.06, 427.0, 410.0, 493.5, 395.0, 135.66, 135.66, 86.64, 135.66, 429.64, 216.6, 216.6, 176.7, 168.72, 247.38, 237.12, 247.38, 271.32, 224.58, 313.5, 584.82, 95.76, 95.76, 95.76, 95.76, 124.26, 111.72, 95.76, 95.76, 124.26, 324.9, 286.14, 67.26, 80.94, 60.42, 78.66, 102.6, 111.72, 78.66, 111.72, 177.84, 86.64, 286.14, 303.24, 338.58, 286.14, 380.76, 286.14, 338.58, 286.14, 286.14, 286.14, 286.14, 286.14, 286.14, 286.14, 286.14, 286.14, 286.14, 286.14, 303.24, 303.24, 286.14, 303.24, 303.24, 286.14, 351.12, 351.12, 351.12, 351.12, 351.12, 351.12, 351.12, 351.12, 351.12, 378.48, 378.48, 351.12, 351.12, 351.12, 351.12, 494.76, 494.76, 494.76, 494.76, 494.76, 403.56, 403.56, 356.82, 494.76, 494.76, 494.76, 494.76, 356.82, 494.76, 494.76, 494.76, 114.0, 114.0, 149.34, 114.0, 129.96, 129.96, 177.84, 164.16, 128.82, 177.84, 157.32, 136.8, 148.2, 118.56, 190.38, 174.42, 182.4, 155.04, 197.22, 173.28, 158.46, 72.96, 61.56, 36.48, 102.6, 98.04, 85.5, 69.54, 125.4, 159.6, 191.52, 261.06, 352.26, 370.5, 111.72, 53.58, 53.58, 61.56, 55.86, 156.18, 156.18, 156.18, 128.82, 131.1, 101.46, 52.44, 45.6, 29.64]",29.64,584.82,235.7301960784314
28,alexandria,Hardee's,"inCarrefour,Egypt","Burgers, Fast Food",https://www.talabat.com/egypt/restaurant/503087/hardees-carfour-alex-hard?aid=7177,93,"[235.0, 214.0, 130.0, 175.0, 204.0, 115.0, 264.0, 244.0, 344.0, 250.0, 418.0, 618.0, 915.0, 961.0, 199.0, 244.0, 199.0, 244.0, 210.0, 264.0, 244.0, 344.0, 250.0, 418.0, 618.0, 915.0, 961.0, 265.0, 235.0, 204.0, 245.0, 245.0, 220.0, 190.0, 159.0, 200.0, 200.0, 350.0, 305.0, 214.0, 175.0, 230.0, 218.0, 229.0, 275.0, 130.0, 169.0, 173.0, 184.0, 230.0, 340.0, 340.0, 255.0, 250.0, 315.0, 295.0, 210.0, 205.0, 160.0, 110.0, 155.0, 140.0, 105.0, 115.0, 95.0, 155.0, 110.0, 115.0, 115.0, 55.0, 35.0, 25.0, 25.0, 35.0, 25.0, 25.0, 115.0, 50.0, 65.0, 55.0, 85.0, 100.0, 120.0, 115.0, 45.0, 80.0, 99.0, 110.0, 35.0, 35.0, 35.0, 80.0, 80.0]",25.0,961.0,218.88172043010752
29,alexandria,TBS,"inGreen Plaza,Egypt","coffee & tea, Healthy",https://www.talabat.com/egypt/restaurant/503228/tbs-green-plaza?aid=7177,140,"[120.0, 100.0, 130.0, 50.0, 120.0, 165.0, 170.0, 200.0, 160.0, 165.0, 135.0, 125.0, 120.0, 140.0, 195.0, 130.0, 140.0, 120.0, 135.0, 110.0, 145.0, 160.0, 175.0, 120.0, 140.0, 95.0, 130.0, 135.0, 120.0, 120.0, 295.0, 210.0, 260.0, 190.0, 260.0, 250.0, 220.0, 220.0, 200.0, 205.0, 240.0, 250.0, 250.0, 455.0, 260.0, 260.0, 260.0, 260.0, 260.0, 340.0, 210.0, 210.0, 270.0, 170.0, 155.0, 170.0, 450.0, 300.0, 330.0, 325.0, 285.0, 270.0, 375.0, 210.0, 205.0, 90.0, 85.0, 90.0, 90.0, 90.0, 110.0, 105.0, 105.0, 100.0, 140.0, 135.0, 135.0, 585.0, 695.0, 1095.0, 720.0, 695.0, 185.0, 185.0, 205.0, 205.0, 75.0, 105.0, 110.0, 180.0, 105.0, 105.0, 95.0, 95.0, 75.0, 100.0, 100.0, 115.0, 660.0, 860.0, 115.0, 120.0, 120.0, 1160.0, 110.0, 105.0, 145.0, 110.0, 85.0, 85.0, 90.0, 120.0, 120.0, 125.0, 110.0, 125.0, 125.0, 330.0, 60.0, 60.0, 65.0, 60.0, 60.0, 50.0, 50.0, 55.0, 40.0, 40.0, 40.0, 90.0, 90.0, 90.0, 95.0, 90.0, 90.0, 60.0, 60.0, 35.0]",35.0,1160.0,190.9782608695652
30,alexandria,Pastaweesy,"inMostafa Kamel,Egypt","Pasta, Sandwiches, Sandwiches, Burgers",https://www.talabat.com/egypt/restaurant/502291/pastaweesy-mostafa-kamel?aid=7177,85,"[55.0, 32.0, 207.0, 320.0, 742.0, 741.0, 213.0, 281.0, 271.0, 321.0, 147.0, 211.0, 789.0, 284.0, 259.0, 207.0, 320.0, 742.0, 741.0, 213.0, 281.0, 271.0, 321.0, 147.0, 211.0, 789.0, 284.0, 259.0, 290.0, 620.0, 347.0, 420.0, 125.0, 140.0, 125.0, 135.0, 165.0, 15.0, 23.0, 118.0, 66.0, 15.0, 55.0, 108.0, 108.0, 69.0, 83.0, 79.0, 108.0, 15.0, 95.0, 84.0, 95.0, 95.0, 15.0, 23.0, 23.0, 32.0, 32.0, 32.0, 32.0]",15.0,789.0,220.4262295081967
31,cairo,Heart Attack,"inAl Manial,Egypt","Fried chicken, Sandwiches, Burgers",https://www.talabat.com/egypt/restaurant/639933/heart-attack-al-manial-tgo?aid=7766,119,"[15.0, 70.0, 70.0, 70.0, 70.0, 270.0, 380.0, 350.0, 450.0, 270.0, 450.0, 270.0, 360.0, 180.0, 380.0, 195.0, 225.0, 350.0, 230.0, 230.0, 200.0, 245.0, 200.0, 195.0, 195.0, 200.0, 110.0, 195.0, 195.0, 135.0, 110.0, 110.0, 110.0, 110.0, 220.0, 95.0, 320.0, 170.0, 230.0, 395.0, 780.0, 400.0, 610.0, 755.0, 1000.0, 1070.0, 380.0, 170.0, 180.0, 350.0, 490.0, 450.0, 270.0, 450.0, 270.0, 360.0, 180.0, 380.0, 195.0, 225.0, 350.0, 170.0, 170.0, 170.0, 170.0, 230.0, 230.0, 200.0, 245.0, 200.0, 195.0, 195.0, 200.0, 110.0, 195.0, 195.0, 135.0, 110.0, 110.0, 110.0, 110.0, 220.0, 95.0, 320.0, 170.0, 230.0, 395.0, 780.0, 400.0, 610.0, 755.0, 1000.0, 1070.0, 110.0, 110.0, 125.0, 235.0, 65.0, 90.0, 100.0, 90.0, 65.0, 125.0, 100.0, 5.0, 50.0, 60.0, 70.0, 70.0, 200.0, 70.0, 50.0, 30.0, 70.0, 50.0, 15.0, 30.0, 30.0, 15.0]",5.0,1070.0,247.60504201680672
32,cairo,Happy Dolphin,"inAl Manial,Egypt","International, Grills, Sandwiches, Pizza",https://www.talabat.com/egypt/restaurant/505206/happy-dolphin-al-manial?aid=7766,130,"[274.9, 241.4, 326.8, 285.0, 114.0, 68.4, 274.9, 326.8, 241.4, 292.41, 246.24, 400.14, 300.1, 180.0, 207.0, 240.0, 227.0, 136.8, 274.9, 326.8, 241.4, 292.41, 246.24, 400.14, 300.1, 182.4, 114.0, 96.9, 136.8, 136.8, 114.0, 136.8, 136.8, 79.8, 91.2, 79.8, 79.8, 210.9, 68.4, 68.4, 57.0, 68.4, 68.4, 68.4, 68.4, 68.4, 57.0, 68.4, 57.0, 28.5, 180.0, 207.0, 240.0, 227.0, 165.3, 142.5, 114.0, 119.7, 85.5, 199.5, 136.3, 136.3, 114.0, 148.2, 114.0, 91.2, 108.3, 148.2, 228.0, 148.2, 159.6, 239.4, 193.8, 307.8, 171.0, 250.8, 250.8, 127.2, 108.3, 226.86, 125.4, 142.5, 421.8, 433.2, 427.5, 387.6, 250.8, 399.0, 427.5, 285.0, 256.5, 313.5, 399.0, 399.0, 313.5, 296.4, 324.0, 250.0, 285.0, 456.0, 285.0, 524.4, 524.4, 399.0, 558.6, 433.2, 125.4, 142.5, 296.4, 57.0, 171.0, 91.2, 57.0, 125.4, 45.0, 51.4, 96.9, 85.5, 68.4, 79.8, 79.8, 79.8, 79.8, 79.8, 79.8, 79.4, 34.2, 34.2, 34.2, 45.6]",28.5,558.6,194.8772307692308
33,cairo,Cairo Kitchen,"inZamalek - 26 July,Egypt","Egyptian, Grills, Grills",https://www.talabat.com/egypt/restaurant/502417/cairo-kitchen-zamalek?aid=7766,81,"[68.4, 62.7, 153.9, 62.7, 62.7, 91.2, 159.6, 62.7, 74.1, 74.1, 74.1, 74.1, 74.1, 62.7, 102.6, 45.6, 74.1, 96.9, 108.3, 114.0, 171.0, 102.6, 79.8, 228.0, 627.0, 364.8, 627.0, 342.0, 342.0, 399.0, 399.0, 342.0, 216.6, 399.0, 342.0, 342.0, 216.6, 342.0, 399.0, 342.0, 399.0, 627.0, 399.0, 399.0, 342.0, 399.0, 364.8, 153.9, 285.0, 399.0, 182.4, 199.5, 342.0, 114.0, 79.8, 79.8, 62.7, 17.1, 79.8, 74.1, 17.1, 68.4, 68.4, 74.1, 74.1, 74.1, 74.1, 74.1, 74.1, 74.1, 74.1, 51.3, 51.3, 51.3, 22.8, 51.3, 285.0]",17.1,627.0,189.3584415584416
34,cairo,Burger King,"inAl Manial,Egypt","Burgers, Fast Food",https://www.talabat.com/egypt/restaurant/507781/burger-king-al-manial?aid=7766,93,"[205.0, 299.0, 275.0, 70.0, 110.0, 110.0, 275.0, 299.0, 219.0, 219.0, 299.0, 219.0, 315.0, 375.0, 290.0, 840.0, 560.0, 275.0, 299.0, 219.0, 219.0, 299.0, 219.0, 310.0, 310.0, 315.0, 375.0, 260.0, 300.0, 290.0, 840.0, 560.0, 299.0, 400.0, 309.0, 360.0, 219.0, 315.0, 205.0, 429.0, 435.0, 460.0, 299.0, 380.0, 309.0, 309.0, 275.0, 259.0, 159.0, 470.0, 360.0, 110.0, 100.0, 75.0, 120.0, 60.0, 80.0, 90.0, 150.0, 110.0, 130.0, 60.0, 25.0, 60.0, 25.0, 25.0, 60.0, 340.0, 369.0, 375.0, 400.0, 410.0, 300.0, 250.0, 250.0, 249.0, 249.0, 320.0, 199.0, 215.0, 239.0, 99.0, 60.0, 70.0, 249.0, 239.0, 159.0, 145.0, 140.0, 120.0, 140.0, 140.0]",25.0,840.0,253.5434782608696
35,cairo,Pizza Master,"inDowntown - Magales El Sha'ab,Egypt","Pizza, Fast Food, Pasta, Pizza",https://www.talabat.com/egypt/restaurant/518625/pizza-master-downtown-magales-el-shaab?aid=7766,65,"[800.0, 700.0, 1100.0, 280.0, 900.0, 280.0, 700.0, 900.0, 800.0, 1100.0, 280.0, 700.0, 900.0, 800.0, 1100.0, 100.0, 210.0, 55.0, 110.0, 75.0, 35.0, 50.0]",35.0,1100.0,544.3181818181819
36,cairo,Abu Auf,"inAl Manial,Egypt","Grocery, Healthy , Nuts & Dried Fruit, Beverages, Coffee & Tea, Convenience Store, Roastery, Chocolate, Snacks",https://www.talabat.com/egypt/restaurant/702872/abu-auf-al-manial?aid=7766,172,"[144.5, 72.5, 30.0, 20.0, 121.0, 65.0, 352.0, 352.0, 391.0, 319.0, 380.0, 300.0, 300.0, 415.0, 353.0, 199.0, 308.0, 353.0, 303.0, 290.0, 110.0, 110.0, 144.0, 290.0, 90.0, 100.0, 140.0, 286.0, 155.0, 72.0, 353.0, 308.0, 308.0, 220.0, 275.0, 220.0, 220.0, 500.0, 160.0, 200.0, 352.0, 352.0, 391.0, 319.0, 156.0, 146.5, 156.5, 198.0, 156.0, 253.0, 253.0, 380.0, 156.5, 156.0, 236.5, 156.5, 156.5, 146.5, 146.5, 156.0, 236.5, 156.0, 132.0, 144.5, 121.0, 176.0, 198.0, 231.0, 132.0, 132.0, 25.0, 25.0, 25.0, 75.0, 90.0, 90.0, 90.0, 30.0, 30.0, 30.0, 155.0, 155.0, 155.0, 155.0, 120.0, 120.0, 120.0, 120.0, 120.0, 30.0, 90.0, 75.0, 25.0, 25.0, 300.0, 25.0, 300.0, 25.0, 155.0, 90.0, 55.0, 55.0, 55.0, 55.0, 55.0, 30.0, 30.0, 30.0, 15.0, 15.0, 15.0, 45.0, 62.0, 62.0, 35.0, 35.0, 27.0, 20.0, 20.0, 45.0, 45.0, 45.0, 30.0, 30.0, 30.0, 8.0, 8.0, 33.0, 33.0, 33.0, 33.0, 11.0, 11.0, 20.0, 20.0, 20.0, 38.5, 35.5, 17.0, 17.0, 11.0, 65.0, 50.0, 50.0, 150.0, 50.0, 45.0, 45.0, 45.0, 65.0, 65.0, 65.0, 65.0, 65.0, 65.0, 65.0, 195.0, 220.0, 195.0, 220.0, 220.0, 40.5, 25.0, 72.5, 68.0, 126.5, 121.0, 130.0, 45.0, 415.0, 40.0, 40.0]",8.0,500.0,131.9796511627907
37,cairo,Mo'men,"inAl Manial,Egypt","Sandwiches, Fish & Seafood, Burgers, Chicken",https://www.talabat.com/egypt/restaurant/502351/momen-al-manial?aid=7766,117,"[406.0, 430.0, 250.0, 40.0, 406.0, 980.0, 430.0, 250.0, 240.0, 333.0, 331.0, 339.0, 392.0, 500.0, 639.0, 531.0, 746.0, 800.0, 923.0, 406.0, 376.5, 427.5, 240.0, 980.0, 430.0, 250.0, 240.0, 333.0, 331.0, 339.0, 392.0, 500.0, 639.0, 531.0, 746.0, 800.0, 923.0, 451.0, 262.2, 262.2, 257.0, 188.1, 188.1, 199.5, 216.6, 216.6, 308.0, 63.0, 68.0, 313.5, 279.3, 256.5, 313.51, 256.5, 239.4, 57.0, 17.0, 17.0, 46.0, 137.0, 63.0, 86.0, 86.0, 74.0, 74.0, 80.0, 60.5, 17.0, 17.0, 17.0, 17.0, 19.0, 23.0, 17.0, 40.0, 63.0, 154.0, 97.0, 103.0, 131.0, 80.0, 74.0, 29.0, 33.0, 33.0, 33.0, 33.0, 52.0, 27.0, 13.0]",13.0,980.0,267.8723333333333
38,cairo,Pizza King,"inAl Manial,Egypt","Pizza, Pasta, Pizza, Italian",https://www.talabat.com/egypt/restaurant/502838/pizza-king-al-manial?aid=7766,162,"[350.0, 710.0, 356.0, 371.0, 363.0, 431.0, 631.0, 993.0, 1016.0, 246.0, 642.0, 400.0, 477.0, 554.0, 616.0, 862.0, 577.0, 662.0, 723.0, 816.0, 1108.0, 623.0, 731.0, 854.0, 1008.0, 1239.0, 585.0, 662.0, 739.0, 846.0, 1123.0, 350.0, 364.29, 366.67, 239.4, 324.9, 239.4, 324.9, 496.0, 710.0, 356.0, 371.0, 363.0, 431.0, 631.0, 993.0, 1016.0, 331.0, 246.0, 642.0, 251.0, 359.0, 336.0, 444.6, 400.0, 477.0, 554.0, 616.0, 862.0, 577.0, 662.0, 723.0, 816.0, 1108.0, 623.0, 731.0, 854.0, 1008.0, 1239.0, 585.0, 662.0, 739.0, 846.0, 1123.0, 165.0, 165.0, 188.0, 171.0, 103.0, 103.0, 160.0, 154.0, 154.0, 148.0, 143.0, 143.0, 143.0, 148.0, 148.0, 148.0, 148.0, 188.0, 188.0, 137.0, 60.0, 74.0, 74.0, 68.0, 80.0, 80.0, 63.0, 137.0, 91.0, 142.5, 63.0, 63.0, 40.0, 51.0, 136.0, 57.0, 46.0, 23.0, 19.0, 17.0, 17.0, 17.0, 14.0, 17.0, 80.0, 74.0, 80.0, 80.0, 29.0, 33.0, 33.0, 33.0, 33.0, 52.0, 27.0]",14.0,1239.0,401.1911627906977
39,cairo,Abdel Rahim Koueider,"inAl Manial,Egypt","Desserts, Cakes and Desserts, Bakery & Pastry, Arabic sweets, Cakes, Chocolate, bakery & pastry, Ice cream",https://www.talabat.com/egypt/restaurant/687594/abdel-rahim-koueider-al-manial?aid=7766,166,"[70.0, 70.0, 60.0, 130.0, 90.0, 100.0, 90.0, 145.0, 160.0, 15.0, 1045.0, 640.0, 715.0, 605.0, 545.0, 440.0, 440.0, 605.0, 120.0, 125.0, 25.0, 25.0, 20.0, 135.0, 135.0, 135.0, 65.0, 65.0, 550.0, 75.0, 380.0, 150.0, 45.0, 135.0, 60.0, 60.0, 340.0, 485.0, 113.0, 475.0, 550.0, 695.0, 1450.0, 265.0, 1090.0, 640.0, 780.0, 525.0, 485.0, 600.0, 375.0, 810.0, 750.0, 615.0, 740.0, 495.0, 810.0, 60.0, 80.0, 90.0, 65.0, 70.0, 65.0, 715.0, 90.0, 70.0, 70.0, 60.0, 55.0, 60.0, 160.0, 90.0, 40.0, 40.0, 35.0, 45.0, 40.0, 45.0, 55.0, 55.0, 85.0, 1100.0, 220.0, 160.0, 1100.0, 650.0, 380.0, 1050.0, 400.0, 790.0, 490.0, 950.0, 250.0, 175.0, 140.0, 140.0, 275.0, 1100.0, 275.0, 550.0, 175.0, 240.0, 180.0, 120.0, 240.0, 240.0, 250.0, 180.0, 90.0, 120.0]",15.0,1450.0,323.8909090909091
40,cairo,Mawlay,"inGarden City,Egypt","Arabic, Egyptian",https://www.talabat.com/egypt/restaurant/771138/mawlay-garden-city?aid=7766,83,"[90.0, 380.0, 720.0, 165.0, 350.0, 110.0, 100.0, 100.0, 195.0, 70.0, 165.0, 195.0, 195.0, 195.0, 125.0, 240.0, 150.0, 135.0, 140.0, 140.0, 140.0, 380.0, 720.0, 319.0, 299.0, 299.0, 390.0, 260.0, 350.0, 260.0, 405.0, 510.0, 345.0, 625.0, 535.0, 350.0, 375.0, 310.0, 510.0, 350.0, 410.0, 225.0, 90.0, 440.0, 300.0, 295.0, 125.0, 465.0, 375.0, 420.0, 75.0, 50.0, 50.0, 70.0, 50.0, 55.0, 60.0, 60.0, 45.0, 55.0, 45.0, 60.0, 85.0, 65.0, 75.0, 70.0, 55.0, 165.0, 70.0, 55.0, 95.0, 20.0, 65.0]",20.0,720.0,223.72602739726028
41,cairo,KFC,"inAl Manial,Egypt","Fried chicken, Sandwiches, Fast Food, Chicken",https://www.talabat.com/egypt/restaurant/658817/kfc-manial-kfc-tmp?aid=7766,131,"[109.0, 65.0, 40.0, 630.0, 240.0, 299.0, 299.0, 430.0, 630.0, 334.0, 240.0, 340.0, 510.0, 340.0, 255.0, 189.0, 210.0, 200.0, 240.0, 360.0, 446.0, 445.0, 535.0, 189.0, 255.0, 375.0, 375.0, 210.0, 288.0, 288.0, 115.0, 115.0, 160.0, 235.0, 115.0, 130.0, 130.0, 175.0, 250.0, 210.0, 210.0, 255.0, 330.0, 230.0, 299.0, 430.0, 630.0, 334.0, 240.0, 340.0, 510.0, 340.0, 255.0, 189.0, 210.0, 200.0, 240.0, 360.0, 294.0, 446.0, 445.0, 535.0, 399.0, 205.0, 350.0, 189.0, 695.0, 920.0, 545.0, 770.0, 725.0, 840.0, 950.0, 1055.0, 810.0, 660.0, 1025.0, 875.0, 629.0, 685.0, 255.0, 325.0, 149.0, 375.0, 375.0, 210.0, 215.0, 245.0, 250.0, 255.0, 285.0, 255.0, 288.0, 260.0, 288.0, 260.0, 155.0, 170.0, 155.0, 110.0, 110.0, 110.0, 205.0, 210.0, 210.0, 180.0, 180.0, 125.0, 125.0, 65.0, 40.0, 30.0, 60.0, 3.0, 90.0, 130.0, 110.0, 180.0, 109.0, 90.0, 90.0, 125.0, 65.0, 40.0, 7.0, 84.0, 84.0, 35.0, 35.0, 35.0, 34.0]",3.0,1055.0,294.0916030534351
42,cairo,Smoothie Paradise,"inDowntown - Magales El Sha'ab,Egypt","Beverages, Juices",https://www.talabat.com/egypt/restaurant/788002/smoothie-paradise-downtown-magales-el-shaab?aid=7766,90,"[75.0, 30.0, 75.0, 80.0, 55.0, 90.0, 50.0, 60.0, 30.0, 115.0, 125.0, 115.0, 95.0, 115.0, 75.0, 85.0, 120.0, 42.5, 50.0, 50.0, 60.0, 60.0, 60.0, 60.0, 60.0, 59.0, 55.0, 70.0, 75.0, 65.0, 70.0, 65.0, 95.0, 80.0, 75.0, 75.0, 80.0, 80.0, 90.0, 75.0, 55.0, 55.0, 55.0, 145.0, 115.0, 115.0, 90.0, 85.0, 75.0, 75.0, 65.0, 65.0, 65.0, 65.0, 65.0, 65.0, 65.0, 65.0, 95.0, 60.0, 60.0, 85.0, 75.0, 85.0, 65.0, 90.0, 110.0, 70.0, 75.0, 85.0, 115.0, 65.0, 70.0, 38.0, 65.0, 110.0, 95.0, 100.0, 100.0, 100.0, 100.0, 100.0, 35.0, 35.0, 40.0, 48.0, 36.0, 60.0, 72.0]",30.0,145.0,74.8932584269663
43,cairo,Mr. Koko,"inDowntown - Abdin,Egypt","Burgers, Arabic, Sandwiches",https://www.talabat.com/egypt/restaurant/764690/mr-koko-downtown-abdin?aid=7766,73,"[155.0, 70.0, 30.0, 155.0, 155.0, 155.0, 155.0, 155.0, 195.0, 215.0, 215.0, 185.0, 195.0, 195.0, 185.0, 185.0, 70.0, 100.0, 100.0, 60.0, 90.0, 90.0, 95.0, 95.0, 20.0, 20.0, 20.0, 15.0, 20.0, 25.0, 30.0, 30.0, 30.0, 20.0, 20.0, 20.0, 25.0]",15.0,215.0,97.16216216216216
44,cairo,Costa Coffee,"inDowntown - Abdin,Egypt","coffee & tea, Sandwiches, Desserts",https://www.talabat.com/egypt/restaurant/502873/costa-coffee-sherif-streettgo?aid=7766,100,"[95.0, 100.0, 80.0, 95.0, 105.0, 95.0, 120.0, 120.0, 200.0, 220.0, 185.0, 95.0, 95.0, 95.0, 100.0, 80.0, 105.0, 105.0, 100.0, 70.0, 70.0, 70.0, 65.0, 105.0, 100.0, 100.0, 105.0, 60.0, 105.0, 100.0, 100.0, 100.0, 100.0, 95.0, 100.0, 80.0, 105.0, 100.0, 100.0, 105.0, 100.0, 95.0, 95.0, 110.0, 110.0, 110.0, 120.0, 125.0, 120.0, 160.0, 170.0, 160.0, 170.0, 240.0, 180.0, 120.0, 190.0, 180.0, 90.0, 85.0, 85.0, 70.0, 70.0, 95.0, 150.0, 150.0, 110.0, 70.0, 70.0, 110.0, 110.0, 110.0, 110.0, 100.0, 90.0, 70.0, 70.0, 99.0, 120.0, 75.0, 75.0, 90.0, 150.0, 150.0, 150.0, 145.0, 95.0, 80.0, 80.0, 80.0, 40.0, 90.0, 90.0, 90.0, 25.0, 40.0, 1200.0, 1000.0, 900.0, 999.0]",25.0,1200.0,143.58
45,cairo,Papa John's Pizza,"inHaram - Wimpy,Egypt","Pizza, Fast Food, Pizza",https://www.talabat.com/egypt/restaurant/502884/papa-johns-pizza-el-mesaha?aid=7766,73,"[200.0, 535.0, 300.0, 460.0, 460.0, 435.0, 635.0, 170.0, 120.0, 200.0, 130.01, 200.0, 170.0, 165.0, 86.0, 111.0, 56.0, 188.0, 165.0, 165.0, 95.0, 140.0, 226.01, 226.01, 226.01, 188.0, 188.0, 165.0, 140.0, 140.0, 25.0, 25.0, 25.0, 25.0, 10.0, 2.0, 110.0, 79.0, 95.0, 30.0, 35.0, 20.0]",2.0,635.0,170.62
46,cairo,Spectra,"inDokki,Egypt","International, Grills, Healthy , Soup, Chicken, Salad",https://www.talabat.com/egypt/restaurant/503182/spectra-shooting-club-street-dokki?aid=7766,325,"[399.0, 120.0, 399.0, 399.0, 120.0, 445.0, 120.0, 120.0, 120.0, 120.0, 137.0, 120.0, 468.0, 468.0, 251.0, 171.0, 171.0, 171.0, 616.0, 434.0, 228.0, 228.0, 194.0, 308.0, 171.0, 171.0, 228.0, 171.0, 354.0, 297.0, 434.0, 342.0, 251.0, 399.0, 342.0, 342.0, 342.0, 342.0, 342.0, 342.0, 479.0, 434.0, 194.0, 365.0, 194.0, 263.0, 377.0, 479.0, 399.0, 399.0, 582.0, 434.0, 434.0, 445.0, 673.0, 434.0, 434.0, 434.0, 1129.0, 399.0, 1585.0, 434.0, 434.0, 399.0, 434.0, 434.0, 491.0, 491.0, 741.0, 1243.0, 1767.0, 445.0, 445.0, 673.0, 491.0, 2269.0, 1539.0, 662.0, 627.0, 684.0, 662.0, 753.0, 662.0, 730.0, 753.0, 707.0, 2052.0, 1357.0, 650.0, 616.0, 616.0, 582.0, 684.0, 1767.0, 673.0, 673.0, 753.0, 753.0, 2041.0, 468.0, 502.0, 525.0, 593.0, 502.0, 593.0, 103.0, 109.0, 114.0, 92.0, 126.0, 97.0, 103.0, 97.0, 109.0, 109.0, 109.0, 109.0, 411.0, 479.0, 479.0, 582.0, 548.0, 411.0, 605.0, 548.0, 730.0, 730.0, 776.0, 730.0, 582.0, 1095.0, 1528.0, 1881.0, 411.0, 263.0, 263.0, 263.0, 263.0, 308.0, 388.0, 525.0, 274.0, 365.0, 525.0, 320.0, 525.0, 354.0, 274.0, 388.0, 308.0, 228.0, 422.0, 251.0, 399.0, 513.0, 536.0, 513.0, 308.0, 525.0, 228.0, 308.0, 399.0, 422.0, 422.0, 536.0, 536.0, 240.0, 206.0, 217.0, 217.0, 234.0, 240.0, 206.0, 217.0, 217.0, 217.0, 262.0, 262.0, 217.0, 240.0, 217.0, 217.0, 217.0, 183.0, 217.0, 217.0, 240.0, 240.0, 240.0, 263.0, 263.0, 263.0, 263.0, 263.0, 263.0, 342.0, 263.0, 251.0, 22.8, 160.0, 22.8, 22.8, 22.8, 22.8, 22.8, 22.8, 22.8, 114.0, 22.8, 22.8, 22.8, 22.8, 22.8, 22.8, 39.9, 22.8, 22.8, 22.8, 22.8, 46.0, 22.8, 240.0, 217.0, 228.0, 171.0, 217.0, 217.0, 132.0, 149.0, 177.0, 206.0, 137.0, 171.0, 177.0, 194.0, 177.0, 137.0, 137.0, 120.0, 194.0, 217.0, 137.0, 217.0, 46.0, 217.0, 30.0, 177.0, 719.0, 844.0, 627.0, 684.0, 639.0, 684.0, 639.0, 639.0, 639.0, 109.0, 109.0, 109.0, 109.0, 97.0, 69.0, 80.0, 92.0, 80.0, 92.0, 92.0, 92.0, 52.0, 30.0, 52.0, 52.0, 52.0, 52.0, 52.0, 52.0, 52.0, 52.0, 52.0, 92.0, 80.0, 92.0, 103.0, 103.0, 103.0, 92.0, 69.0, 80.0, 80.0, 92.0, 92.0, 92.0, 109.0, 109.0, 109.0, 109.0, 109.0, 109.0, 109.0, 109.0, 109.0, 109.0, 30.0, 109.0, 109.0, 109.0, 109.0, 109.0, 109.0, 109.0, 109.0, 109.0, 109.0, 75.0, 75.0, 75.0, 75.0, 75.0, 109.0, 109.0, 109.0, 109.0, 109.0, 109.0]",22.8,2269.0,333.7564814814815
47,cairo,Cook Door,"inAl Manial,Egypt","Sandwiches, Burgers, Fast Food",https://www.talabat.com/egypt/restaurant/510616/cook-door-al-manial-tgo?aid=7766,72,"[90.0, 60.0, 964.0, 450.0, 600.0, 639.0, 964.0, 450.0, 600.0, 639.0, 220.0, 245.0, 155.0, 520.0, 520.0, 290.0, 115.0, 115.0, 290.0, 185.0, 450.0, 155.0, 155.0, 360.0, 360.0, 360.0, 345.0, 315.0, 60.0, 120.0, 60.0, 90.0, 60.0, 105.0, 140.0, 155.0, 220.0, 245.0, 80.0, 80.0, 49.0, 40.0, 25.0, 20.0, 5.0, 20.0, 20.0, 20.0, 15.0, 20.0, 20.0, 25.0, 25.0, 20.0]",5.0,964.0,228.7037037037037
48,cairo,La Pomme,"inGiza,Egypt","Pizza, Desserts, Cakes",https://www.talabat.com/egypt/restaurant/505141/la-pomme-giza?aid=7766,121,"[90.0, 380.0, 80.0, 380.0, 85.0, 85.0, 85.0, 80.0, 70.0, 126.0, 138.0, 140.0, 140.0, 126.0, 35.0, 12.0, 140.0, 165.0, 145.0, 140.0, 155.0, 140.0, 1.0, 1.0, 1.0, 1.0, 1.0, 1.0, 1.0, 1.0, 1.0, 1.0, 1.0, 1.0, 1.0, 1.0, 1.0, 1.0, 1.0, 1.0, 1.0, 1.0, 1.0, 1.0, 1.0, 90.0, 75.0, 255.0, 115.0, 175.0, 130.0, 140.0, 135.0, 120.0, 155.0, 190.0, 185.0, 715.0, 610.0, 645.0, 620.0, 655.0, 620.0, 380.0, 75.0, 85.0, 85.0, 85.0, 85.0, 40.0, 40.0, 40.0, 55.0, 75.0, 65.0, 65.0, 65.0, 84.0, 84.0, 84.0, 490.0, 1.0, 175.0, 35.0, 45.0, 30.0, 105.0, 80.0, 80.0, 80.0, 70.0, 65.0, 1100.0, 1200.0]",1.0,1200.0,145.08510638297872
49,cairo,Beano's Cafe,"inDowntown - Tahrir,Egypt","coffee & tea, Sandwiches, Desserts",https://www.talabat.com/egypt/restaurant/516609/beanos-cafe-downtown-tahrir?aid=7766,163,"[125.0, 130.0, 250.0, 205.0, 150.0, 150.0, 235.71, 242.86, 235.71, 242.86, 80.0, 155.0, 110.0, 125.0, 105.0, 105.0, 160.0, 175.0, 185.0, 185.0, 110.0, 135.0, 95.0, 135.0, 95.0, 110.0, 85.0, 170.0, 135.0, 160.0, 235.0, 290.0, 260.0, 250.0, 295.0, 225.0, 215.0, 295.0, 275.0, 400.0, 285.0, 400.0, 160.0, 235.0, 220.0, 190.0, 175.0, 220.0, 205.0, 220.0, 190.0, 260.0, 100.0, 175.0, 205.0, 185.0, 275.0, 295.0, 250.0, 215.0, 295.0, 305.0, 315.0, 250.0, 320.0, 395.0, 295.0, 280.0, 290.0, 325.0, 325.0, 375.0, 315.0, 295.0, 350.0, 315.0, 325.0, 350.0, 110.0, 185.0, 105.0, 175.0, 65.0, 175.0, 175.0, 195.0, 130.0, 85.0, 180.0, 245.0, 180.0, 190.0, 190.0, 225.0, 170.0, 205.0, 105.0, 175.0, 150.0, 160.0, 205.0, 170.0, 205.0, 150.0, 125.0, 150.0, 150.0, 150.0, 150.0, 220.0, 200.0, 110.0, 200.0, 185.0, 200.0, 120.0, 145.0, 210.0, 175.0, 175.0, 175.0, 175.0, 210.0, 170.0, 275.0, 275.0, 275.0, 160.0, 105.0, 105.0, 185.0, 105.0, 105.0, 105.0, 120.0, 105.0, 125.0, 125.0, 125.0, 115.0, 125.0, 110.0, 130.0, 110.0, 130.0, 140.0, 130.0, 100.0, 100.0, 100.0, 80.0, 80.0, 80.0, 25.0, 375.0, 500.0, 375.0, 320.0, 320.0, 275.0, 565.0, 560.0, 460.0]",25.0,565.0,201.2401226993865
50,cairo,Haty Al Sahaba,"inShobra,Egypt","Grills, Shawerma, Sandwiches",https://www.talabat.com/egypt/restaurant/505612/haty-el-sahaba-shobra?aid=7766,113,"[15.0, 50.0, 25.0, 500.0, 250.0, 250.0, 200.0, 1800.0, 1800.0, 25.0, 50.0, 1000.0, 750.0, 900.0, 1650.0, 1100.0, 1050.0, 320.0, 430.0, 250.0, 280.0, 470.0, 325.0, 450.0, 320.0, 320.0, 440.0, 300.0, 300.0, 300.0, 300.0, 350.0, 350.0, 350.0, 390.0, 50.0, 30.0, 50.0, 50.0, 50.0, 50.0, 20.0, 15.0, 25.0, 50.0, 20.0, 20.0, 20.0, 15.0, 35.0, 50.0, 150.0, 180.0, 280.0, 220.0, 430.0, 270.0, 200.0, 425.0, 200.0, 200.0, 200.0, 600.0, 500.0, 400.0, 300.0, 200.0, 450.0, 250.0, 200.0, 350.0, 200.0, 100.0, 50.0, 100.0]",15.0,1800.0,328.8666666666667
51,cairo,Daddy's Burger,"inDowntown - Tahrir,Egypt","Burgers, Beverages, Sandwiches",https://www.talabat.com/egypt/restaurant/779910/daddys-burger-downtown-tahrir?aid=7766,45,"[175.0, 179.0, 170.0, 180.0, 189.0, 175.0, 179.0, 184.0, 194.0, 189.0, 219.0, 240.0, 170.0, 180.0, 170.0, 175.0, 175.0, 145.0, 120.0, 160.0, 200.0, 90.0, 60.0, 55.0, 55.0, 75.0, 100.0, 30.0, 40.0, 15.0, 20.0, 20.0, 20.0, 20.0, 15.0, 25.0, 15.0, 30.0, 20.0, 30.0, 20.0, 40.0, 10.0, 5.0, 10.0]",5.0,240.0,101.95555555555556
52,cairo,B.LABAN,"inDowntown - El Sayeda Zeinab,Egypt","Desserts, Arabic sweets",https://www.talabat.com/egypt/restaurant/732798/blaban-downtown-el-sayeda-zeinab?aid=7766,62,"[400.0, 400.0, 160.0, 80.0, 145.0, 200.0, 145.0, 145.0, 170.0, 140.0, 160.0, 145.0, 180.0, 100.0, 130.0, 145.0, 175.0, 145.0, 190.0, 190.0, 130.0, 75.0, 140.0, 75.0, 110.0, 100.0, 115.0, 75.0, 110.0, 100.0, 110.0, 30.0, 65.0, 70.0, 65.0, 50.0, 75.0, 110.0, 135.0, 135.0, 135.0, 150.0, 105.0, 100.0, 95.0, 110.0, 110.0, 105.0, 70.0, 65.0, 65.0, 75.0, 70.0, 80.0, 65.0, 115.0, 95.0, 135.0, 80.0, 135.0, 95.0, 140.0]",30.0,400.0,122.8225806451613
53,cairo,Vinny's Pizzeria,"inZamalek,Egypt","Pizza, Desserts, Salad",https://www.talabat.com/egypt/restaurant/503502/vinnys-pizza-zamalek?aid=7766,86,"[15.0, 50.0, 40.0, 15.0, 473.0, 558.0, 785.0, 849.0, 458.0, 1107.0, 289.0, 473.0, 558.0, 785.0, 849.0, 458.0, 1107.0, 289.0, 70.0, 50.0, 60.0, 50.0, 250.0, 230.0, 250.0, 15.0, 15.0, 15.0, 15.0, 15.0, 40.0, 90.0, 175.0, 120.0, 70.0, 15.0, 35.0, 35.0, 35.0, 35.0, 35.0, 35.0]",15.0,1107.0,259.8333333333333
54,cairo,Cilantro,"inDowntown - Tahrir,Egypt","coffee & tea, Sandwiches, Desserts",https://www.talabat.com/egypt/restaurant/509415/cilantro-downtown-tahrir?aid=7766,128,"[127.0, 127.0, 127.0, 112.0, 142.0, 132.0, 225.0, 225.0, 300.0, 260.0, 260.0, 600.0, 520.0, 225.0, 225.0, 300.0, 260.0, 260.0, 600.0, 520.0, 185.0, 185.0, 165.0, 165.0, 160.0, 155.0, 155.0, 155.0, 155.0, 165.0, 170.0, 140.0, 230.0, 230.0, 200.0, 155.0, 140.0, 140.0, 132.0, 137.0, 127.0, 132.0, 127.0, 137.0, 112.0, 112.0, 105.0, 132.0, 132.0, 132.0, 90.0, 97.0, 142.0, 90.0, 127.0, 132.0, 135.0, 137.0, 132.0, 157.0, 142.0, 142.0, 112.0, 127.0, 137.0, 127.0, 127.0, 97.0, 112.0, 152.0, 142.0, 137.0, 215.0, 170.0, 155.0, 180.0, 170.0, 170.0, 160.0, 165.0, 160.0, 175.0, 85.0, 85.0, 85.0, 85.0, 85.0, 85.0, 80.0, 80.0, 80.0, 80.0, 130.0, 130.0, 115.0, 130.0, 130.0, 130.0, 145.0, 145.0, 145.0, 145.0, 145.0, 145.0, 95.0, 90.0, 90.0, 90.0, 127.0, 60.0, 25.0, 25.0, 25.0, 25.0, 455.0, 455.0, 455.0, 455.0, 360.0, 380.0, 550.0, 480.0, 255.0, 560.0, 635.0, 750.0, 265.0, 425.0]",25.0,750.0,189.25
55,cairo,Buffalo Burger,"inAl Manial,Egypt","Burgers, Sandwiches",https://www.talabat.com/egypt/restaurant/700435/buffalo-burger-al-manial-tgo?aid=7766,75,"[300.0, 280.0, 135.0, 135.0, 140.0, 150.0, 150.0, 185.0, 185.0, 215.0, 215.0, 220.0, 230.0, 230.0, 265.0, 265.0, 190.0, 220.0, 190.0, 190.0, 235.0, 235.0, 185.0, 215.0, 190.0, 245.0, 235.0, 185.0, 210.0, 270.0, 300.0, 270.0, 270.0, 315.0, 315.0, 265.0, 295.0, 270.0, 325.0, 315.0, 265.0, 290.0, 190.0, 270.0, 185.0, 195.0, 180.0, 235.0, 265.0, 275.0, 260.0, 315.0, 225.0, 130.0, 50.0, 60.0, 95.0, 75.0, 100.0, 135.0, 105.0, 45.0, 105.01, 15.0, 30.0, 15.0, 15.0, 15.0, 3.0, 15.0, 10.0, 100.0, 100.0, 15.0, 40.0]",3.0,325.0,182.1068
56,cairo,ِAl Sharqawy Al Asly,"inDowntown - Abdin,Egypt","Sandwiches, Arabic, Egyptian",https://www.talabat.com/egypt/restaurant/747562/al-sharqawy-al-asly-ahmed-maher?aid=7766,42,"[130.0, 70.0, 15.0, 5.0, 250.0, 15.0, 1260.0, 630.0, 500.0, 250.0, 130.0, 70.0, 5.0, 620.0, 310.0, 160.0, 85.0, 1260.0, 630.0, 320.0, 160.0, 1000.0, 500.0, 250.0, 130.0, 55.0, 100.0, 60.0, 115.0, 500.0, 250.0, 130.0, 70.0, 15.0, 15.0, 15.0, 25.0, 25.0, 25.0, 15.0, 20.0, 75.0]",5.0,1260.0,244.4047619047619
57,cairo,WAFFLICIOUS,"inDokki - El Dokki Street,Egypt","Desserts, Breakfast, Waffles, Cakes",https://www.talabat.com/egypt/restaurant/502267/wafflicious-dokki-tmp?aid=7766,109,"[131.1, 131.1, 141.36, 226.68, 141.36, 157.32, 131.1, 131.1, 148.2, 109.44, 109.44, 109.44, 109.44, 109.44, 131.1, 142.5, 153.9, 136.8, 93.48, 110.58, 104.88, 117.42, 123.12, 104.88, 172.14, 206.34, 141.36, 183.54, 174.42, 180.12, 180.12, 212.04, 238.26, 294.12, 166.44, 141.36, 197.22, 208.62, 131.1, 111.72, 93.48, 93.48, 131.1, 111.72, 93.48, 163.02, 157.32, 166.44, 144.78, 283.86, 226.68, 193.8, 253.08, 54.72, 102.6, 144.78, 125.4, 199.5, 98.04, 98.04, 98.04, 98.04, 541.5, 649.8, 684.0, 570.0, 615.6, 684.0, 541.5, 615.6, 153.9, 182.4, 182.4, 153.9, 159.6, 153.9, 142.5, 142.5, 153.9, 176.7, 176.7, 176.7, 176.7, 169.86, 176.7, 125.4, 92.34, 118.56, 119.7, 131.1, 131.1, 109.44, 109.44, 123.12, 134.52, 95.76, 102.6, 91.2, 102.6, 102.6, 285.0, 296.4, 364.8, 92.34, 46.74, 104.88, 172.14, 143.7, 149.4]",46.74,684.0,182.57559633027523
58,cairo,Recota,"inAnwar El Sadat,Egypt","Pizza, Desserts, Fast Food",https://www.talabat.com/egypt/restaurant/508082/recota-al-manial?aid=7766,80,"[70.0, 70.0, 70.0, 70.0, 110.0, 120.0, 120.0, 120.0]",70.0,120.0,93.75
59,cairo,Kyoto Sushi,"inDokki - Mosaddak,Egypt","Sushi, Japanese , Asian",https://www.talabat.com/egypt/restaurant/649438/kyoto-sushi-dokki-mosaddak?aid=7766,254,"[638.4, 191.5, 11.4, 11.4, 273.6, 91.2, 250.8, 273.6, 250.8, 146.0, 285.0, 250.8, 285.0, 285.0, 164.2, 164.2, 285.0, 250.8, 250.8, 285.0, 228.0, 148.2, 273.6, 410.4, 410.4, 73.0, 38.8, 19.4, 260.0, 260.0, 260.0, 202.92, 260.0, 260.0, 260.0, 260.0, 148.2, 171.0, 262.2, 262.2, 262.2, 262.2, 262.2, 638.4, 410.4, 581.4, 656.6, 996.4, 1055.6, 1550.4, 1824.0, 2565.0, 2918.4, 3892.0, 59.28, 136.8, 54.72, 125.4, 136.8, 52.4, 96.9, 136.8, 68.4, 262.2, 27.4, 37.6, 67.3, 125.4, 59.3, 148.2, 142.5, 399.0, 136.8, 228.8, 399.0, 399.0, 74.1, 296.4, 330.6, 296.0, 250.8, 273.6, 250.8, 146.0, 285.0, 250.8, 285.0, 285.0, 164.2, 164.2, 285.0, 250.8, 250.8, 285.0, 228.0, 148.2, 273.6, 34.2, 34.2, 34.2, 31.9, 25.1, 31.9, 31.9, 17.1, 18.2, 34.2, 34.2, 34.2, 34.2, 34.2, 34.2, 34.2, 34.2, 34.2, 410.4, 410.4, 73.0, 38.8, 19.4, 364.8, 364.8, 364.8, 364.8, 273.6, 273.6, 273.6, 228.0, 228.0, 273.6, 228.0, 273.6, 193.8, 273.6, 273.6, 273.6, 260.0, 260.0, 260.0, 202.92, 260.0, 260.0, 260.0, 260.0, 148.2, 171.0, 171.0, 171.0, 171.0, 171.0, 171.0, 171.0, 112.9, 112.9, 262.2, 262.2, 262.2, 262.2, 262.2, 112.86, 44.5, 44.5, 131.1, 131.1, 131.1, 131.1, 131.1, 44.5, 131.1, 85.5, 131.1, 131.1, 131.1, 57.0, 91.2, 205.2, 136.8, 399.0, 399.0, 342.0, 399.0, 34.2, 34.2, 34.2, 34.2, 68.4, 159.6, 191.5, 239.4, 287.3, 319.2, 351.1, 478.8, 638.4, 410.4, 581.4, 656.6, 996.4, 1055.6, 1550.4, 1824.0, 2565.0, 2918.4, 3892.0, 11.4, 11.4, 11.4, 11.4]",11.4,3892.0,332.7807692307692
60,cairo,Misr El-Kheir,"inDowntown - Magra El Ouyon,Egypt",Charity,https://www.talabat.com/egypt/restaurant/505157/misr-el-kheir?aid=7766,18,"[100.0, 100.0, 300.0, 100.0, 500.0, 600.0, 11900.0, 100.0, 550.0, 480.0, 100.0, 100.0, 100.0, 600.0, 500.0, 300.0, 6000.0, 600.0]",100.0,11900.0,1279.4444444444443
